Type,SeriesName_1,SeriesName_2,SeriesName_3,SeriesName_4,NameOut_1,NameOut_2,NameOut_3,NameOut_4,Contract_1,Contract_2,Contract_3,Contract_4,YearsBack,ConversionFactor_1,ConversionFactor_2,ConversionFactor_3,ConversionFactor_4,ExpireFlag,LocationOut,UnitsOut
Timing,RB,RB,,,RB,RB,,,F,G,,,10,100,100,,,XB,RBOB,cpg
Timing,RB,RB,,,RB,RB,,,G,H,,,10,100,100,,,XB,RBOB,cpg
Timing,RB,RB,,,RB,RB,,,H,J,,,10,100,100,,,XB,RBOB,cpg
Timing,RB,RB,,,RB,RB,,,J,K,,,10,100,100,,,XB,RBOB,cpg
Timing,RB,RB,,,RB,RB,,,K,M,,,10,100,100,,,XB,RBOB,cpg
Timing,RB,RB,,,RB,RB,,,M,N,,,10,100,100,,,XB,RBOB,cpg
Timing,RB,RB,,,RB,RB,,,N,Q,,,10,100,100,,,XB,RBOB,cpg
Timing,RB,RB,,,RB,RB,,,Q,U,,,10,100,100,,,XB,RBOB,cpg
Timing,RB,RB,,,RB,RB,,,U,V,,,10,100,100,,,XB,RBOB,cpg
Timing,RB,RB,,,RB,RB,,,V,X,,,10,100,100,,,XB,RBOB,cpg
Timing,RB,RB,,,RB,RB,,,X,Z,,,10,100,100,,,XB,RBOB,cpg
Timing,RB,RB,,,RB,RB,,,Z,F,,,10,100,100,,,XB,RBOB,cpg
Timing,RB,RB,,,RB,RB,,,M,Z,,,10,100,100,,,XB,RBOB,cpg
Timing,RB,RB,,,RB,RB,,,Z,M,,,10,100,100,,,XB,RBOB,cpg
Timing,RB,RB,,,RB,RB,,,K,U,,,10,100,100,,,XB,RBOB,cpg
Timing,RB,RB,,,RB,RB,,,U,K,,,10,100,100,,,XB,RBOB,cpg
Timing,RB,RB,,,RB,RB,,,U,Z,,,10,100,100,,,XB,RBOB,cpg
Timing,RB,RB,,,RB,RB,,,V,Z,,,10,100,100,,,XB,RBOB,cpg
Timing,RB,RB,,,RB,RB,,,J,U,,,10,100,100,,,XB,RBOB,cpg
Timing,CL,CL,,,CL,CL,,,F,G,,,10,1,1,,,CL,WTI,$/BBL
Timing,CL,CL,,,CL,CL,,,G,H,,,10,1,1,,,CL,WTI,$/BBL
Timing,CL,CL,,,CL,CL,,,H,J,,,10,1,1,,,CL,WTI,$/BBL
Timing,CL,CL,,,CL,CL,,,J,K,,,10,1,1,,,CL,WTI,$/BBL
Timing,CL,CL,,,CL,CL,,,K,M,,,10,1,1,,,CL,WTI,$/BBL
Timing,CL,CL,,,CL,CL,,,M,N,,,10,1,1,,,CL,WTI,$/BBL
Timing,CL,CL,,,CL,CL,,,N,Q,,,10,1,1,,,CL,WTI,$/BBL
Timing,CL,CL,,,CL,CL,,,Q,U,,,10,1,1,,,CL,WTI,$/BBL
Timing,CL,CL,,,CL,CL,,,U,V,,,10,1,1,,,CL,WTI,$/BBL
Timing,CL,CL,,,CL,CL,,,V,X,,,10,1,1,,,CL,WTI,$/BBL
Timing,CL,CL,,,CL,CL,,,X,Z,,,10,1,1,,,CL,WTI,$/BBL
Timing,CL,CL,,,CL,CL,,,Z,F,,,10,1,1,,,CL,WTI,$/BBL
Timing,CL,CL,,,CL,CL,,,M,Z,,,10,1,1,,,CL,WTI,$/BBL
Timing,CL,CL,,,CL,CL,,,Z,M,,,10,1,1,,,CL,WTI,$/BBL
Timing,HO,HO,,,HO,HO,,,F,G,,,10,100,100,,,HO,HO,cpg
Timing,HO,HO,,,HO,HO,,,G,H,,,10,100,100,,,HO,HO,cpg
Timing,HO,HO,,,HO,HO,,,H,J,,,10,100,100,,,HO,HO,cpg
Timing,HO,HO,,,HO,HO,,,J,K,,,10,100,100,,,HO,HO,cpg
Timing,HO,HO,,,HO,HO,,,K,M,,,10,100,100,,,HO,HO,cpg
Timing,HO,HO,,,HO,HO,,,M,N,,,10,100,100,,,HO,HO,cpg
Timing,HO,HO,,,HO,HO,,,N,Q,,,10,100,100,,,HO,HO,cpg
Timing,HO,HO,,,HO,HO,,,Q,U,,,10,100,100,,,HO,HO,cpg
Timing,HO,HO,,,HO,HO,,,U,V,,,10,100,100,,,HO,HO,cpg
Timing,HO,HO,,,HO,HO,,,V,X,,,10,100,100,,,HO,HO,cpg
Timing,HO,HO,,,HO,HO,,,X,Z,,,10,100,100,,,HO,HO,cpg
Timing,HO,HO,,,HO,HO,,,Z,F,,,10,100,100,,,HO,HO,cpg
Timing,HO,HO,,,HO,HO,,,M,Z,,,10,100,100,,,HO,HO,cpg
Timing,HO,HO,,,HO,HO,,,Z,M,,,10,100,100,,,HO,HO,cpg
Timing,BRN,BRN,,,BRN,BRN,,,F,G,,,10,1,1,,,CO,BRN,$/BBL
Timing,BRN,BRN,,,BRN,BRN,,,G,H,,,10,1,1,,,CO,BRN,$/BBL
Timing,BRN,BRN,,,BRN,BRN,,,H,J,,,10,1,1,,,CO,BRN,$/BBL
Timing,BRN,BRN,,,BRN,BRN,,,J,K,,,10,1,1,,,CO,BRN,$/BBL
Timing,BRN,BRN,,,BRN,BRN,,,K,M,,,10,1,1,,,CO,BRN,$/BBL
Timing,BRN,BRN,,,BRN,BRN,,,M,N,,,10,1,1,,,CO,BRN,$/BBL
Timing,BRN,BRN,,,BRN,BRN,,,N,Q,,,10,1,1,,,CO,BRN,$/BBL
Timing,BRN,BRN,,,BRN,BRN,,,Q,U,,,10,1,1,,,CO,BRN,$/BBL
Timing,BRN,BRN,,,BRN,BRN,,,U,V,,,10,1,1,,,CO,BRN,$/BBL
Timing,BRN,BRN,,,BRN,BRN,,,V,X,,,10,1,1,,,CO,BRN,$/BBL
Timing,BRN,BRN,,,BRN,BRN,,,X,Z,,,10,1,1,,,CO,BRN,$/BBL
Timing,BRN,BRN,,,BRN,BRN,,,Z,F,,,10,1,1,,,CO,BRN,$/BBL
Timing,BRN,BRN,,,BRN,BRN,,,M,Z,,,10,1,1,,,CO,BRN,$/BBL
Timing,BRN,BRN,,,BRN,BRN,,,Z,M,,,10,1,1,,,CO,BRN,$/BBL
Timing,GAS,GAS,,,GO,GO,,,F,G,,,10,1,1,,,QS,GO,$/MT
Timing,GAS,GAS,,,GO,GO,,,G,H,,,10,1,1,,,QS,GO,$/MT
Timing,GAS,GAS,,,GO,GO,,,H,J,,,10,1,1,,,QS,GO,$/MT
Timing,GAS,GAS,,,GO,GO,,,J,K,,,10,1,1,,,QS,GO,$/MT
Timing,GAS,GAS,,,GO,GO,,,K,M,,,10,1,1,,,QS,GO,$/MT
Timing,GAS,GAS,,,GO,GO,,,M,N,,,10,1,1,,,QS,GO,$/MT
Timing,GAS,GAS,,,GO,GO,,,N,Q,,,10,1,1,,,QS,GO,$/MT
Timing,GAS,GAS,,,GO,GO,,,Q,U,,,10,1,1,,,QS,GO,$/MT
Timing,GAS,GAS,,,GO,GO,,,U,V,,,10,1,1,,,QS,GO,$/MT
Timing,GAS,GAS,,,GO,GO,,,V,X,,,10,1,1,,,QS,GO,$/MT
Timing,GAS,GAS,,,GO,GO,,,X,Z,,,10,1,1,,,QS,GO,$/MT
Timing,GAS,GAS,,,GO,GO,,,Z,F,,,10,1,1,,,QS,GO,$/MT
Timing,GAS,GAS,,,GO,GO,,,M,Z,,,10,1,1,,,QS,GO,$/MT
Timing,GAS,GAS,,,GO,GO,,,Z,M,,,10,1,1,,,QS,GO,$/MT
Crack,GAS,BRN.FV.LOND1630.M,,,GO,CO,,,F,F,,,8,0.134228188,1,,,CO,GO_CO,$/BBL
Crack,GAS,BRN.FV.LOND1630.M,,,GO,CO,,,G,G,,,8,0.134228188,1,,,CO,GO_CO,$/BBL
Crack,GAS,BRN.FV.LOND1630.M,,,GO,CO,,,H,H,,,8,0.134228188,1,,,CO,GO_CO,$/BBL
Crack,GAS,BRN.FV.LOND1630.M,,,GO,CO,,,J,J,,,8,0.134228188,1,,,CO,GO_CO,$/BBL
Crack,GAS,BRN.FV.LOND1630.M,,,GO,CO,,,K,K,,,8,0.134228188,1,,,CO,GO_CO,$/BBL
Crack,GAS,BRN.FV.LOND1630.M,,,GO,CO,,,M,M,,,8,0.134228188,1,,,CO,GO_CO,$/BBL
Crack,GAS,BRN.FV.LOND1630.M,,,GO,CO,,,N,N,,,8,0.134228188,1,,,CO,GO_CO,$/BBL
Crack,GAS,BRN.FV.LOND1630.M,,,GO,CO,,,Q,Q,,,8,0.134228188,1,,,CO,GO_CO,$/BBL
Crack,GAS,BRN.FV.LOND1630.M,,,GO,CO,,,U,U,,,8,0.134228188,1,,,CO,GO_CO,$/BBL
Crack,GAS,BRN.FV.LOND1630.M,,,GO,CO,,,V,V,,,8,0.134228188,1,,,CO,GO_CO,$/BBL
Crack,GAS,BRN.FV.LOND1630.M,,,GO,CO,,,X,X,,,8,0.134228188,1,,,CO,GO_CO,$/BBL
Crack,GAS,BRN.FV.LOND1630.M,,,GO,CO,,,Z,Z,,,8,0.134228188,1,,,CO,GO_CO,$/BBL
Crack,HO,BRN,,,HO,CO,,,F,F,,,10,42,1,,,CO,HO_CO,$/BBL
Crack,HO,BRN,,,HO,CO,,,G,G,,,10,42,1,,,CO,HO_CO,$/BBL
Crack,HO,BRN,,,HO,CO,,,H,H,,,10,42,1,,,CO,HO_CO,$/BBL
Crack,HO,BRN,,,HO,CO,,,J,J,,,10,42,1,,,CO,HO_CO,$/BBL
Crack,HO,BRN,,,HO,CO,,,K,K,,,10,42,1,,,CO,HO_CO,$/BBL
Crack,HO,BRN,,,HO,CO,,,M,M,,,10,42,1,,,CO,HO_CO,$/BBL
Crack,HO,BRN,,,HO,CO,,,N,N,,,10,42,1,,,CO,HO_CO,$/BBL
Crack,HO,BRN,,,HO,CO,,,Q,Q,,,10,42,1,,,CO,HO_CO,$/BBL
Crack,HO,BRN,,,HO,CO,,,U,U,,,10,42,1,,,CO,HO_CO,$/BBL
Crack,HO,BRN,,,HO,CO,,,V,V,,,10,42,1,,,CO,HO_CO,$/BBL
Crack,HO,BRN,,,HO,CO,,,X,X,,,10,42,1,,,CO,HO_CO,$/BBL
Crack,HO,BRN,,,HO,CO,,,Z,Z,,,10,42,1,,,CO,HO_CO,$/BBL
Location,HO,GAS.FV.USNY1430.M,,,HO,GO,,,F,F,,,5,100,0.3195,,,HO,HO_GO,cpg
Location,HO,GAS.FV.USNY1430.M,,,HO,GO,,,G,G,,,5,100,0.3195,,,HO,HO_GO,cpg
Location,HO,GAS.FV.USNY1430.M,,,HO,GO,,,H,H,,,5,100,0.3195,,,HO,HO_GO,cpg
Location,HO,GAS.FV.USNY1430.M,,,HO,GO,,,J,J,,,5,100,0.3195,,,HO,HO_GO,cpg
Location,HO,GAS.FV.USNY1430.M,,,HO,GO,,,K,K,,,5,100,0.3195,,,HO,HO_GO,cpg
Location,HO,GAS.FV.USNY1430.M,,,HO,GO,,,M,M,,,5,100,0.3195,,,HO,HO_GO,cpg
Location,HO,GAS.FV.USNY1430.M,,,HO,GO,,,N,N,,,5,100,0.3195,,,HO,HO_GO,cpg
Location,HO,GAS.FV.USNY1430.M,,,HO,GO,,,Q,Q,,,5,100,0.3195,,,HO,HO_GO,cpg
Location,HO,GAS.FV.USNY1430.M,,,HO,GO,,,U,U,,,5,100,0.3195,,,HO,HO_GO,cpg
Location,HO,GAS.FV.USNY1430.M,,,HO,GO,,,V,V,,,5,100,0.3195,,,HO,HO_GO,cpg
Location,HO,GAS.FV.USNY1430.M,,,HO,GO,,,X,X,,,5,100,0.3195,,,HO,HO_GO,cpg
Location,HO,GAS.FV.USNY1430.M,,,HO,GO,,,Z,Z,,,5,100,0.3195,,,HO,HO_GO,cpg
Box,HO,HO,BRN,BRN,HO,HO,BRN,BRN,M,Z,M,Z,15,42,42,1,1,CO,HO_CO,$/BBL
Box,HO,HO,BRN,BRN,HO,HO,BRN,BRN,Z,M,Z,M,15,42,42,1,1,CO,HO_CO,$/BBL
Box,HO,HO,BRN,BRN,HO,HO,BRN,BRN,F,G,F,G,15,42,42,1,1,CO,HO_CO,$/BBL
Box,HO,HO,BRN,BRN,HO,HO,BRN,BRN,G,H,G,H,15,42,42,1,1,CO,HO_CO,$/BBL
Box,HO,HO,BRN,BRN,HO,HO,BRN,BRN,H,J,H,J,15,42,42,1,1,CO,HO_CO,$/BBL
Box,HO,HO,BRN,BRN,HO,HO,BRN,BRN,J,K,J,K,15,42,42,1,1,CO,HO_CO,$/BBL
Box,HO,HO,BRN,BRN,HO,HO,BRN,BRN,K,M,K,M,15,42,42,1,1,CO,HO_CO,$/BBL
Box,HO,HO,BRN,BRN,HO,HO,BRN,BRN,M,N,M,N,15,42,42,1,1,CO,HO_CO,$/BBL
Box,HO,HO,BRN,BRN,HO,HO,BRN,BRN,N,Q,N,Q,15,42,42,1,1,CO,HO_CO,$/BBL
Box,HO,HO,BRN,BRN,HO,HO,BRN,BRN,Q,U,Q,U,15,42,42,1,1,CO,HO_CO,$/BBL
Box,HO,HO,BRN,BRN,HO,HO,BRN,BRN,U,V,U,V,15,42,42,1,1,CO,HO_CO,$/BBL
Box,HO,HO,BRN,BRN,HO,HO,BRN,BRN,V,X,V,X,15,42,42,1,1,CO,HO_CO,$/BBL
Box,HO,HO,BRN,BRN,HO,HO,BRN,BRN,X,Z,X,Z,15,42,42,1,1,CO,HO_CO,$/BBL
Box,HO,HO,BRN,BRN,HO,HO,BRN,BRN,Z,F,Z,F,15,42,42,1,1,CO,HO_CO,$/BBL
Box,HO,HO,BRN,BRN,HO,HO,BRN,BRN,M,Z,M,Z,15,42,42,1,1,CO,HO_CO,$/BBL
Box,HO,HO,BRN,BRN,HO,HO,BRN,BRN,Z,M,Z,M,15,42,42,1,1,CO,HO_CO,$/BBL
Box,RB,RB,BRN,BRN,RB,RB,BRN,BRN,M,Z,M,Z,15,42,42,1,1,CO,RB_CO,$/BBL
Box,RB,RB,BRN,BRN,RB,RB,BRN,BRN,Z,M,Z,M,15,42,42,1,1,CO,RB_CO,$/BBL
Box,RB,RB,BRN,BRN,RB,RB,BRN,BRN,F,G,F,G,15,42,42,1,1,CO,RB_CO,$/BBL
Box,RB,RB,BRN,BRN,RB,RB,BRN,BRN,G,H,G,H,15,42,42,1,1,CO,RB_CO,$/BBL
Box,RB,RB,BRN,BRN,RB,RB,BRN,BRN,H,J,H,J,15,42,42,1,1,CO,RB_CO,$/BBL
Box,RB,RB,BRN,BRN,RB,RB,BRN,BRN,J,K,J,K,15,42,42,1,1,CO,RB_CO,$/BBL
Box,RB,RB,BRN,BRN,RB,RB,BRN,BRN,K,M,K,M,15,42,42,1,1,CO,RB_CO,$/BBL
Box,RB,RB,BRN,BRN,RB,RB,BRN,BRN,M,N,M,N,15,42,42,1,1,CO,RB_CO,$/BBL
Box,RB,RB,BRN,BRN,RB,RB,BRN,BRN,N,Q,N,Q,15,42,42,1,1,CO,RB_CO,$/BBL
Box,RB,RB,BRN,BRN,RB,RB,BRN,BRN,Q,U,Q,U,15,42,42,1,1,CO,RB_CO,$/BBL
Box,RB,RB,BRN,BRN,RB,RB,BRN,BRN,U,V,U,V,15,42,42,1,1,CO,RB_CO,$/BBL
Box,RB,RB,BRN,BRN,RB,RB,BRN,BRN,V,X,V,X,15,42,42,1,1,CO,RB_CO,$/BBL
Box,RB,RB,BRN,BRN,RB,RB,BRN,BRN,X,Z,X,Z,15,42,42,1,1,CO,RB_CO,$/BBL
Box,RB,RB,BRN,BRN,RB,RB,BRN,BRN,Z,F,Z,F,15,42,42,1,1,CO,RB_CO,$/BBL
Box,RB,RB,BRN,BRN,RB,RB,BRN,BRN,M,Z,M,Z,15,42,42,1,1,CO,RB_CO,$/BBL
Box,RB,RB,BRN,BRN,RB,RB,BRN,BRN,Z,M,Z,M,15,42,42,1,1,CO,RB_CO,$/BBL
Box,HO,HO,CL,CL,HO,HO,CL,CL,M,Z,M,Z,15,42,42,1,1,CL,HO_CL,$/BBL
Box,HO,HO,CL,CL,HO,HO,CL,CL,Z,M,Z,M,15,42,42,1,1,CL,HO_CL,$/BBL
Box,HO,HO,CL,CL,HO,HO,CL,CL,F,G,F,G,15,42,42,1,1,CL,HO_CL,$/BBL
Box,HO,HO,CL,CL,HO,HO,CL,CL,G,H,G,H,15,42,42,1,1,CL,HO_CL,$/BBL
Box,HO,HO,CL,CL,HO,HO,CL,CL,H,J,H,J,15,42,42,1,1,CL,HO_CL,$/BBL
Box,HO,HO,CL,CL,HO,HO,CL,CL,J,K,J,K,15,42,42,1,1,CL,HO_CL,$/BBL
Box,HO,HO,CL,CL,HO,HO,CL,CL,K,M,K,M,15,42,42,1,1,CL,HO_CL,$/BBL
Box,HO,HO,CL,CL,HO,HO,CL,CL,M,N,M,N,15,42,42,1,1,CL,HO_CL,$/BBL
Box,HO,HO,CL,CL,HO,HO,CL,CL,N,Q,N,Q,15,42,42,1,1,CL,HO_CL,$/BBL
Box,HO,HO,CL,CL,HO,HO,CL,CL,Q,U,Q,U,15,42,42,1,1,CL,HO_CL,$/BBL
Box,HO,HO,CL,CL,HO,HO,CL,CL,U,V,U,V,15,42,42,1,1,CL,HO_CL,$/BBL
Box,HO,HO,CL,CL,HO,HO,CL,CL,V,X,V,X,15,42,42,1,1,CL,HO_CL,$/BBL
Box,HO,HO,CL,CL,HO,HO,CL,CL,X,Z,X,Z,15,42,42,1,1,CL,HO_CL,$/BBL
Box,HO,HO,CL,CL,HO,HO,CL,CL,Z,F,Z,F,15,42,42,1,1,CL,HO_CL,$/BBL
Box,HO,HO,CL,CL,HO,HO,CL,CL,M,Z,M,Z,15,42,42,1,1,CL,HO_CL,$/BBL
Box,HO,HO,CL,CL,HO,HO,CL,CL,Z,M,Z,M,15,42,42,1,1,CL,HO_CL,$/BBL
Box,RB,RB,CL,CL,RB,RB,CL,CL,M,Z,M,Z,15,42,42,1,1,CL,RB_CL,$/BBL
Box,RB,RB,CL,CL,RB,RB,CL,CL,Z,M,Z,M,15,42,42,1,1,CL,RB_CL,$/BBL
Box,RB,RB,CL,CL,RB,RB,CL,CL,F,G,F,G,15,42,42,1,1,CL,RB_CL,$/BBL
Box,RB,RB,CL,CL,RB,RB,CL,CL,G,H,G,H,15,42,42,1,1,CL,RB_CL,$/BBL
Box,RB,RB,CL,CL,RB,RB,CL,CL,H,J,H,J,15,42,42,1,1,CL,RB_CL,$/BBL
Box,RB,RB,CL,CL,RB,RB,CL,CL,J,K,J,K,15,42,42,1,1,CL,RB_CL,$/BBL
Box,RB,RB,CL,CL,RB,RB,CL,CL,K,M,K,M,15,42,42,1,1,CL,RB_CL,$/BBL
Box,RB,RB,CL,CL,RB,RB,CL,CL,M,N,M,N,15,42,42,1,1,CL,RB_CL,$/BBL
Box,RB,RB,CL,CL,RB,RB,CL,CL,N,Q,N,Q,15,42,42,1,1,CL,RB_CL,$/BBL
Box,RB,RB,CL,CL,RB,RB,CL,CL,Q,U,Q,U,15,42,42,1,1,CL,RB_CL,$/BBL
Box,RB,RB,CL,CL,RB,RB,CL,CL,U,V,U,V,15,42,42,1,1,CL,RB_CL,$/BBL
Box,RB,RB,CL,CL,RB,RB,CL,CL,V,X,V,X,15,42,42,1,1,CL,RB_CL,$/BBL
Box,RB,RB,CL,CL,RB,RB,CL,CL,X,Z,X,Z,15,42,42,1,1,CL,RB_CL,$/BBL
Box,RB,RB,CL,CL,RB,RB,CL,CL,Z,F,Z,F,15,42,42,1,1,CL,RB_CL,$/BBL
Box,RB,RB,CL,CL,RB,RB,CL,CL,M,Z,M,Z,15,42,42,1,1,CL,RB_CL,$/BBL
Box,RB,RB,CL,CL,RB,RB,CL,CL,Z,M,Z,M,15,42,42,1,1,CL,RB_CL,$/BBL
CrossProduct,RB,HO,,,RB,HO,,,F,F,,,15,100,100,,,HO,RB_HO,cpg
CrossProduct,RB,HO,,,RB,HO,,,G,G,,,15,100,100,,,HO,RB_HO,cpg
CrossProduct,RB,HO,,,RB,HO,,,H,H,,,15,100,100,,,HO,RB_HO,cpg
CrossProduct,RB,HO,,,RB,HO,,,J,J,,,15,100,100,,,HO,RB_HO,cpg
CrossProduct,RB,HO,,,RB,HO,,,K,K,,,15,100,100,,,HO,RB_HO,cpg
CrossProduct,RB,HO,,,RB,HO,,,M,M,,,15,100,100,,,HO,RB_HO,cpg
CrossProduct,RB,HO,,,RB,HO,,,N,N,,,15,100,100,,,HO,RB_HO,cpg
CrossProduct,RB,HO,,,RB,HO,,,Q,Q,,,15,100,100,,,HO,RB_HO,cpg
CrossProduct,RB,HO,,,RB,HO,,,U,U,,,15,100,100,,,HO,RB_HO,cpg
CrossProduct,RB,HO,,,RB,HO,,,V,V,,,15,100,100,,,HO,RB_HO,cpg
CrossProduct,RB,HO,,,RB,HO,,,X,X,,,15,100,100,,,HO,RB_HO,cpg
CrossProduct,RB,HO,,,RB,HO,,,Z,Z,,,15,100,100,,,HO,RB_HO,cpg
CrossProduct,RB,HO,,,RB,HO,,,M,M,,,15,100,100,,,HO,RB_HO,cpg
CrossProduct,RB,HO,,,RB,HO,,,Z,Z,,,15,100,100,,,HO,RB_HO,cpg
Box,RB,RB,HO,HO,RB,RB,HO,HO,M,Z,M,Z,15,100,1,1,1,HO,RB_HO,cpg
Box,RB,RB,HO,HO,RB,RB,HO,HO,Z,M,Z,M,15,1,1,1,1,HO,RB_HO,cpg
Box,RB,RB,HO,HO,RB,RB,HO,HO,F,G,F,G,15,1,1,1,1,HO,RB_HO,cpg
Box,RB,RB,HO,HO,RB,RB,HO,HO,G,H,G,H,15,1,1,1,1,HO,RB_HO,cpg
Box,RB,RB,HO,HO,RB,RB,HO,HO,H,J,H,J,15,1,1,1,1,HO,RB_HO,cpg
Box,RB,RB,HO,HO,RB,RB,HO,HO,J,K,J,K,15,1,1,1,1,HO,RB_HO,cpg
Box,RB,RB,HO,HO,RB,RB,HO,HO,K,M,K,M,15,1,1,1,1,HO,RB_HO,cpg
Box,RB,RB,HO,HO,RB,RB,HO,HO,M,N,M,N,15,1,1,1,1,HO,RB_HO,cpg
Box,RB,RB,HO,HO,RB,RB,HO,HO,N,Q,N,Q,15,1,1,1,1,HO,RB_HO,cpg
Box,RB,RB,HO,HO,RB,RB,HO,HO,Q,U,Q,U,15,1,1,1,1,HO,RB_HO,cpg
Box,RB,RB,HO,HO,RB,RB,HO,HO,U,V,U,V,15,1,1,1,1,HO,RB_HO,cpg
Box,RB,RB,HO,HO,RB,RB,HO,HO,V,X,V,X,15,1,1,1,1,HO,RB_HO,cpg
Box,RB,RB,HO,HO,RB,RB,HO,HO,X,Z,X,Z,15,1,1,1,1,HO,RB_HO,cpg
Box,RB,RB,HO,HO,RB,RB,HO,HO,Z,F,Z,F,15,1,1,1,1,HO,RB_HO,cpg
Box,RB,RB,HO,HO,RB,RB,HO,HO,M,Z,M,Z,15,1,1,1,1,HO,RB_HO,cpg
Box,RB,RB,HO,HO,RB,RB,HO,HO,Z,M,Z,M,15,1,1,1,1,HO,RB_HO,cpg
Crack,RB,BRN,,,RB,CO,,,F,F,,,10,42,1,,,CO,RB_CO,$/BBL
Crack,RB,BRN,,,RB,CO,,,G,G,,,10,42,1,,,CO,RB_CO,$/BBL
Crack,RB,BRN,,,RB,CO,,,H,H,,,10,42,1,,,CO,RB_CO,$/BBL
Crack,RB,BRN,,,RB,CO,,,J,J,,,10,42,1,,,CO,RB_CO,$/BBL
Crack,RB,BRN,,,RB,CO,,,K,K,,,10,42,1,,,CO,RB_CO,$/BBL
Crack,RB,BRN,,,RB,CO,,,M,M,,,10,42,1,,,CO,RB_CO,$/BBL
Crack,RB,BRN,,,RB,CO,,,N,N,,,10,42,1,,,CO,RB_CO,$/BBL
Crack,RB,BRN,,,RB,CO,,,Q,Q,,,10,42,1,,,CO,RB_CO,$/BBL
Crack,RB,BRN,,,RB,CO,,,U,U,,,10,42,1,,,CO,RB_CO,$/BBL
Crack,RB,BRN,,,RB,CO,,,V,V,,,10,42,1,,,CO,RB_CO,$/BBL
Crack,RB,BRN,,,RB,CO,,,X,X,,,10,42,1,,,CO,RB_CO,$/BBL
Crack,RB,BRN,,,RB,CO,,,Z,Z,,,10,42,1,,,CO,RB_CO,$/BBL
Crack,RB,CL,,,RB,CL,,,F,F,,,10,42,1,,,CL,RB_CL,$/BBL
Crack,RB,CL,,,RB,CL,,,G,G,,,10,42,1,,,CL,RB_CL,$/BBL
Crack,RB,CL,,,RB,CL,,,H,H,,,10,42,1,,,CL,RB_CL,$/BBL
Crack,RB,CL,,,RB,CL,,,J,J,,,10,42,1,,,CL,RB_CL,$/BBL
Crack,RB,CL,,,RB,CL,,,K,K,,,10,42,1,,,CL,RB_CL,$/BBL
Crack,RB,CL,,,RB,CL,,,M,M,,,10,42,1,,,CL,RB_CL,$/BBL
Crack,RB,CL,,,RB,CL,,,N,N,,,10,42,1,,,CL,RB_CL,$/BBL
Crack,RB,CL,,,RB,CL,,,Q,Q,,,10,42,1,,,CL,RB_CL,$/BBL
Crack,RB,CL,,,RB,CL,,,U,U,,,10,42,1,,,CL,RB_CL,$/BBL
Crack,RB,CL,,,RB,CL,,,V,V,,,10,42,1,,,CL,RB_CL,$/BBL
Crack,RB,CL,,,RB,CL,,,X,X,,,10,42,1,,,CL,RB_CL,$/BBL
Crack,RB,CL,,,RB,CL,,,Z,Z,,,10,42,1,,,CL,RB_CL,$/BBL
Fly,RB,RB,RB,RB,RB1,RB2,RB3,RB4,F,G,G,H,10,100,100,100,100,XB,RB,cpg
Fly,RB,RB,RB,RB,RB1,RB2,RB3,RB4,G,H,H,J,10,100,100,100,100,XB,RB,cpg
Fly,RB,RB,RB,RB,RB1,RB2,RB3,RB4,H,J,J,K,10,100,100,100,100,XB,RB,cpg
Fly,RB,RB,RB,RB,RB1,RB2,RB3,RB4,J,K,K,M,10,100,100,100,100,XB,RB,cpg
Fly,RB,RB,RB,RB,RB1,RB2,RB3,RB4,K,M,M,N,10,100,100,100,100,XB,RB,cpg
Fly,RB,RB,RB,RB,RB1,RB2,RB3,RB4,M,N,N,Q,10,100,100,100,100,XB,RB,cpg
Fly,RB,RB,RB,RB,RB1,RB2,RB3,RB4,N,Q,Q,U,10,100,100,100,100,XB,RB,cpg
Fly,RB,RB,RB,RB,RB1,RB2,RB3,RB4,Q,U,U,V,10,100,100,100,100,XB,RB,cpg
Fly,RB,RB,RB,RB,RB1,RB2,RB3,RB4,U,V,V,X,10,100,100,100,100,XB,RB,cpg
Fly,RB,RB,RB,RB,RB1,RB2,RB3,RB4,V,X,X,Z,10,100,100,100,100,XB,RB,cpg
Fly,RB,RB,RB,RB,RB1,RB2,RB3,RB4,X,Z,Z,F,10,100,100,100,100,XB,RB,cpg
Fly,RB,RB,RB,RB,RB1,RB2,RB3,RB4,Z,F,F,G,10,100,100,100,100,XB,RB,cpg
Crack,#ICENBCM,#BRGCSWTIM,,,C5,CL,,,F,F,,,5,42,1,,,Cash,C5_CL,$/BBL
Crack,#ICENBCM,#BRGCSWTIM,,,C5,CL,,,G,G,,,5,42,1,,,Cash,C5_CL,$/BBL
Crack,#ICENBCM,#BRGCSWTIM,,,C5,CL,,,H,H,,,5,42,1,,,Cash,C5_CL,$/BBL
Crack,#ICENBCM,#BRGCSWTIM,,,C5,CL,,,J,J,,,5,42,1,,,Cash,C5_CL,$/BBL
Crack,#ICENBCM,#BRGCSWTIM,,,C5,CL,,,K,K,,,5,42,1,,,Cash,C5_CL,$/BBL
Crack,#ICENBCM,#BRGCSWTIM,,,C5,CL,,,M,M,,,5,42,1,,,Cash,C5_CL,$/BBL
Crack,#ICENBCM,#BRGCSWTIM,,,C5,CL,,,N,N,,,5,42,1,,,Cash,C5_CL,$/BBL
Crack,#ICENBCM,#BRGCSWTIM,,,C5,CL,,,Q,Q,,,5,42,1,,,Cash,C5_CL,$/BBL
Crack,#ICENBCM,#BRGCSWTIM,,,C5,CL,,,U,U,,,5,42,1,,,Cash,C5_CL,$/BBL
Crack,#ICENBCM,#BRGCSWTIM,,,C5,CL,,,V,V,,,5,42,1,,,Cash,C5_CL,$/BBL
Crack,#ICENBCM,#BRGCSWTIM,,,C5,CL,,,X,X,,,5,42,1,,,Cash,C5_CL,$/BBL
Crack,#ICENBCM,#BRGCSWTIM,,,C5,CL,,,Z,Z,,,5,42,1,,,Cash,C5_CL,$/BBL
Flat,NG,,,,NG,,,,F,,,,10,1,,,,HO,NG,$/MMBTU
Flat,NG,,,,NG,,,,G,,,,10,1,,,,HO,NG,$/MMBTU
Flat,NG,,,,NG,,,,H,,,,10,1,,,,HO,NG,$/MMBTU
Flat,NG,,,,NG,,,,J,,,,10,1,,,,HO,NG,$/MMBTU
Flat,NG,,,,NG,,,,K,,,,10,1,,,,HO,NG,$/MMBTU
Flat,NG,,,,NG,,,,M,,,,10,1,,,,HO,NG,$/MMBTU
Flat,NG,,,,NG,,,,N,,,,10,1,,,,HO,NG,$/MMBTU
Flat,NG,,,,NG,,,,Q,,,,10,1,,,,HO,NG,$/MMBTU
Flat,NG,,,,NG,,,,U,,,,10,1,,,,HO,NG,$/MMBTU
Flat,NG,,,,NG,,,,V,,,,10,1,,,,HO,NG,$/MMBTU
Flat,NG,,,,NG,,,,X,,,,10,1,,,,HO,NG,$/MMBTU
Flat,NG,,,,NG,,,,Z,,,,10,1,,,,HO,NG,$/MMBTU
Flat,NG,,,,NG,,,,F,,,,10,1,,,,HO,NG,$/MMBTU
Flat,NG,,,,NG,,,,G,,,,10,1,,,,HO,NG,$/MMBTU
Flat,NG,,,,NG,,,,H,,,,10,1,,,,HO,NG,$/MMBTU
Flat,NG,,,,NG,,,,J,,,,10,1,,,,HO,NG,$/MMBTU
Flat,NG,,,,NG,,,,K,,,,10,1,,,,HO,NG,$/MMBTU
Flat,NG,,,,NG,,,,M,,,,10,1,,,,HO,NG,$/MMBTU
Flat,NG,,,,NG,,,,N,,,,10,1,,,,HO,NG,$/MMBTU
Flat,NG,,,,NG,,,,Q,,,,10,1,,,,HO,NG,$/MMBTU
Flat,NG,,,,NG,,,,U,,,,10,1,,,,HO,NG,$/MMBTU
Flat,NG,,,,NG,,,,V,,,,10,1,,,,HO,NG,$/MMBTU
Flat,NG,,,,NG,,,,X,,,,10,1,,,,HO,NG,$/MMBTU
Flat,NG,,,,NG,,,,Z,,,,10,1,,,,HO,NG,$/MMBTU
Flat,BRN,,,,BRN,,,,F,,,,10,1,,,,CO,BRN,$/BBL
Flat,BRN,,,,BRN,,,,G,,,,10,1,,,,CO,BRN,$/BBL
Flat,BRN,,,,BRN,,,,H,,,,10,1,,,,CO,BRN,$/BBL
Flat,BRN,,,,BRN,,,,J,,,,10,1,,,,CO,BRN,$/BBL
Flat,BRN,,,,BRN,,,,K,,,,10,1,,,,CO,BRN,$/BBL
Flat,BRN,,,,BRN,,,,M,,,,10,1,,,,CO,BRN,$/BBL
Flat,BRN,,,,BRN,,,,N,,,,10,1,,,,CO,BRN,$/BBL
Flat,BRN,,,,BRN,,,,Q,,,,10,1,,,,CO,BRN,$/BBL
Flat,BRN,,,,BRN,,,,U,,,,10,1,,,,CO,BRN,$/BBL
Flat,BRN,,,,BRN,,,,V,,,,10,1,,,,CO,BRN,$/BBL
Flat,BRN,,,,BRN,,,,X,,,,10,1,,,,CO,BRN,$/BBL
Flat,BRN,,,,BRN,,,,Z,,,,10,1,,,,CO,BRN,$/BBL
Flat,BRN,,,,BRN,,,,F,,,,10,1,,,,CO,BRN,$/BBL
Flat,BRN,,,,BRN,,,,G,,,,10,1,,,,CO,BRN,$/BBL
Flat,BRN,,,,BRN,,,,H,,,,10,1,,,,CO,BRN,$/BBL
Flat,BRN,,,,BRN,,,,J,,,,10,1,,,,CO,BRN,$/BBL
Flat,BRN,,,,BRN,,,,K,,,,10,1,,,,CO,BRN,$/BBL
Flat,BRN,,,,BRN,,,,M,,,,10,1,,,,CO,BRN,$/BBL
Flat,BRN,,,,BRN,,,,N,,,,10,1,,,,CO,BRN,$/BBL
Flat,BRN,,,,BRN,,,,Q,,,,10,1,,,,CO,BRN,$/BBL
Flat,BRN,,,,BRN,,,,U,,,,10,1,,,,CO,BRN,$/BBL
Flat,BRN,,,,BRN,,,,V,,,,10,1,,,,CO,BRN,$/BBL
Flat,BRN,,,,BRN,,,,X,,,,10,1,,,,CO,BRN,$/BBL
Flat,BRN,,,,BRN,,,,Z,,,,10,1,,,,CO,BRN,$/BBL
Flat,HO,,,,HO,,,,F,,,,10,42,,,,HO,HO,$/BBL
Flat,HO,,,,HO,,,,G,,,,10,42,,,,HO,HO,$/BBL
Flat,HO,,,,HO,,,,H,,,,10,42,,,,HO,HO,$/BBL
Flat,HO,,,,HO,,,,J,,,,10,42,,,,HO,HO,$/BBL
Flat,HO,,,,HO,,,,K,,,,10,42,,,,HO,HO,$/BBL
Flat,HO,,,,HO,,,,M,,,,10,42,,,,HO,HO,$/BBL
Flat,HO,,,,HO,,,,N,,,,10,42,,,,HO,HO,$/BBL
Flat,HO,,,,HO,,,,Q,,,,10,42,,,,HO,HO,$/BBL
Flat,HO,,,,HO,,,,U,,,,10,42,,,,HO,HO,$/BBL
Flat,HO,,,,HO,,,,V,,,,10,42,,,,HO,HO,$/BBL
Flat,HO,,,,HO,,,,X,,,,10,42,,,,HO,HO,$/BBL
Flat,HO,,,,HO,,,,Z,,,,10,42,,,,HO,HO,$/BBL
Flat,HO,,,,HO,,,,F,,,,10,42,,,,HO,HO,$/BBL
Flat,HO,,,,HO,,,,G,,,,10,42,,,,HO,HO,$/BBL
Flat,HO,,,,HO,,,,H,,,,10,42,,,,HO,HO,$/BBL
Flat,HO,,,,HO,,,,J,,,,10,42,,,,HO,HO,$/BBL
Flat,HO,,,,HO,,,,K,,,,10,42,,,,HO,HO,$/BBL
Flat,HO,,,,HO,,,,M,,,,10,42,,,,HO,HO,$/BBL
Flat,HO,,,,HO,,,,N,,,,10,42,,,,HO,HO,$/BBL
Flat,HO,,,,HO,,,,Q,,,,10,42,,,,HO,HO,$/BBL
Flat,HO,,,,HO,,,,U,,,,10,42,,,,HO,HO,$/BBL
Flat,HO,,,,HO,,,,V,,,,10,42,,,,HO,HO,$/BBL
Flat,HO,,,,HO,,,,X,,,,10,42,,,,HO,HO,$/BBL
Flat,HO,,,,HO,,,,Z,,,,10,42,,,,HO,HO,$/BBL
CrossProduct,RB,#BRGGC05M,,,RB,VLSFO,,,F,F,,,3,42,1,,,HO,RB_VLSFO,$/BBL
CrossProduct,RB,#BRGGC05M,,,RB,VLSFO,,,G,G,,,3,42,1,,,HO,RB_VLSFO,$/BBL
CrossProduct,RB,#BRGGC05M,,,RB,VLSFO,,,H,H,,,3,42,1,,,HO,RB_VLSFO,$/BBL
CrossProduct,RB,#BRGGC05M,,,RB,VLSFO,,,J,J,,,3,42,1,,,HO,RB_VLSFO,$/BBL
CrossProduct,RB,#BRGGC05M,,,RB,VLSFO,,,K,K,,,3,42,1,,,HO,RB_VLSFO,$/BBL
CrossProduct,RB,#BRGGC05M,,,RB,VLSFO,,,M,M,,,3,42,1,,,HO,RB_VLSFO,$/BBL
CrossProduct,RB,#BRGGC05M,,,RB,VLSFO,,,N,N,,,3,42,1,,,HO,RB_VLSFO,$/BBL
CrossProduct,RB,#BRGGC05M,,,RB,VLSFO,,,Q,Q,,,3,42,1,,,HO,RB_VLSFO,$/BBL
CrossProduct,RB,#BRGGC05M,,,RB,VLSFO,,,U,U,,,3,42,1,,,HO,RB_VLSFO,$/BBL
CrossProduct,RB,#BRGGC05M,,,RB,VLSFO,,,V,V,,,3,42,1,,,HO,RB_VLSFO,$/BBL
CrossProduct,RB,#BRGGC05M,,,RB,VLSFO,,,X,X,,,3,42,1,,,HO,RB_VLSFO,$/BBL
CrossProduct,RB,#BRGGC05M,,,RB,VLSFO,,,Z,Z,,,3,42,1,,,HO,RB_VLSFO,$/BBL
Fly,HO,HO,HO,HO,HO1,HO2,HO3,HO4,F,G,G,H,10,100,100,100,100,HO,HO,cpg
Fly,HO,HO,HO,HO,HO1,HO2,HO3,HO4,G,H,H,J,10,100,100,100,100,HO,HO,cpg
Fly,HO,HO,HO,HO,HO1,HO2,HO3,HO4,H,J,J,K,10,100,100,100,100,HO,HO,cpg
Fly,HO,HO,HO,HO,HO1,HO2,HO3,HO4,J,K,K,M,10,100,100,100,100,HO,HO,cpg
Fly,HO,HO,HO,HO,HO1,HO2,HO3,HO4,K,M,M,N,10,100,100,100,100,HO,HO,cpg
Fly,HO,HO,HO,HO,HO1,HO2,HO3,HO4,M,N,N,Q,10,100,100,100,100,HO,HO,cpg
Fly,HO,HO,HO,HO,HO1,HO2,HO3,HO4,N,Q,Q,U,10,100,100,100,100,HO,HO,cpg
Fly,HO,HO,HO,HO,HO1,HO2,HO3,HO4,Q,U,U,V,10,100,100,100,100,HO,HO,cpg
Fly,HO,HO,HO,HO,HO1,HO2,HO3,HO4,U,V,V,X,10,100,100,100,100,HO,HO,cpg
Fly,HO,HO,HO,HO,HO1,HO2,HO3,HO4,V,X,X,Z,10,100,100,100,100,HO,HO,cpg
Fly,HO,HO,HO,HO,HO1,HO2,HO3,HO4,X,Z,Z,F,10,100,100,100,100,HO,HO,cpg
Fly,HO,HO,HO,HO,HO1,HO2,HO3,HO4,Z,F,F,G,10,100,100,100,100,HO,HO,cpg
Crack,#ICEMF1M,BRN,,,VLSFO,BRN,,,F,F,,,3,1,1,,,CO,VLSFO_CO_USGC,$/BBL
Crack,#ICEMF1M,BRN,,,VLSFO,BRN,,,G,G,,,3,1,1,,,CO,VLSFO_CO_USGC,$/BBL
Crack,#ICEMF1M,BRN,,,VLSFO,BRN,,,H,H,,,3,1,1,,,CO,VLSFO_CO_USGC,$/BBL
Crack,#ICEMF1M,BRN,,,VLSFO,BRN,,,J,J,,,3,1,1,,,CO,VLSFO_CO_USGC,$/BBL
Crack,#ICEMF1M,BRN,,,VLSFO,BRN,,,K,K,,,3,1,1,,,CO,VLSFO_CO_USGC,$/BBL
Crack,#ICEMF1M,BRN,,,VLSFO,BRN,,,M,M,,,3,1,1,,,CO,VLSFO_CO_USGC,$/BBL
Crack,#ICEMF1M,BRN,,,VLSFO,BRN,,,N,N,,,3,1,1,,,CO,VLSFO_CO_USGC,$/BBL
Crack,#ICEMF1M,BRN,,,VLSFO,BRN,,,Q,Q,,,3,1,1,,,CO,VLSFO_CO_USGC,$/BBL
Crack,#ICEMF1M,BRN,,,VLSFO,BRN,,,U,U,,,3,1,1,,,CO,VLSFO_CO_USGC,$/BBL
Crack,#ICEMF1M,BRN,,,VLSFO,BRN,,,V,V,,,3,1,1,,,CO,VLSFO_CO_USGC,$/BBL
Crack,#ICEMF1M,BRN,,,VLSFO,BRN,,,X,X,,,3,1,1,,,CO,VLSFO_CO_USGC,$/BBL
Crack,#ICEMF1M,BRN,,,VLSFO,BRN,,,Z,Z,,,3,1,1,,,CO,VLSFO_CO_USGC,$/BBL
Arb,#ICENGEM,#ICENBAM,,,C5,NWE_Nap,,,F,F,,,8,100,2.38,,,Cash,C5_NWE_Nap,cpg
Arb,#ICENGEM,#ICENBAM,,,C5,NWE_Nap,,,G,G,,,8,100,2.38,,,Cash,C5_NWE_Nap,cpg
Arb,#ICENGEM,#ICENBAM,,,C5,NWE_Nap,,,H,H,,,8,100,2.38,,,Cash,C5_NWE_Nap,cpg
Arb,#ICENGEM,#ICENBAM,,,C5,NWE_Nap,,,J,J,,,8,100,2.38,,,Cash,C5_NWE_Nap,cpg
Arb,#ICENGEM,#ICENBAM,,,C5,NWE_Nap,,,K,K,,,8,100,2.38,,,Cash,C5_NWE_Nap,cpg
Arb,#ICENGEM,#ICENBAM,,,C5,NWE_Nap,,,M,M,,,8,100,2.38,,,Cash,C5_NWE_Nap,cpg
Arb,#ICENGEM,#ICENBAM,,,C5,NWE_Nap,,,N,N,,,8,100,2.38,,,Cash,C5_NWE_Nap,cpg
Arb,#ICENGEM,#ICENBAM,,,C5,NWE_Nap,,,Q,Q,,,8,100,2.38,,,Cash,C5_NWE_Nap,cpg
Arb,#ICENGEM,#ICENBAM,,,C5,NWE_Nap,,,U,U,,,8,100,2.38,,,Cash,C5_NWE_Nap,cpg
Arb,#ICENGEM,#ICENBAM,,,C5,NWE_Nap,,,V,V,,,8,100,2.38,,,Cash,C5_NWE_Nap,cpg
Arb,#ICENGEM,#ICENBAM,,,C5,NWE_Nap,,,X,X,,,8,100,2.38,,,Cash,C5_NWE_Nap,cpg
Arb,#ICENGEM,#ICENBAM,,,C5,NWE_Nap,,,Z,Z,,,8,100,2.38,,,Cash,C5_NWE_Nap,cpg
Flat,RB,,,,RB,,,,F,,,,10,1,,,,XB,RBOB,cpg
Flat,RB,,,,RB,,,,G,,,,10,1,,,,XB,RBOB,cpg
Flat,RB,,,,RB,,,,H,,,,10,1,,,,XB,RBOB,cpg
Flat,RB,,,,RB,,,,J,,,,10,1,,,,XB,RBOB,cpg
Flat,RB,,,,RB,,,,K,,,,10,1,,,,XB,RBOB,cpg
Flat,RB,,,,RB,,,,M,,,,10,1,,,,XB,RBOB,cpg
Flat,RB,,,,RB,,,,N,,,,10,1,,,,XB,RBOB,cpg
Flat,RB,,,,RB,,,,Q,,,,10,1,,,,XB,RBOB,cpg
Flat,RB,,,,RB,,,,U,,,,10,1,,,,XB,RBOB,cpg
Flat,RB,,,,RB,,,,V,,,,10,1,,,,XB,RBOB,cpg
Flat,RB,,,,RB,,,,X,,,,10,1,,,,XB,RBOB,cpg
Flat,RB,,,,RB,,,,Z,,,,10,1,,,,XB,RBOB,cpg
Flat,RB,,,,RB,,,,F,,,,10,1,,,,XB,RBOB,cpg
Flat,RB,,,,RB,,,,G,,,,10,1,,,,XB,RBOB,cpg
Flat,RB,,,,RB,,,,H,,,,10,1,,,,XB,RBOB,cpg
Flat,RB,,,,RB,,,,J,,,,10,1,,,,XB,RBOB,cpg
Flat,RB,,,,RB,,,,K,,,,10,1,,,,XB,RBOB,cpg
Flat,RB,,,,RB,,,,M,,,,10,1,,,,XB,RBOB,cpg
Flat,RB,,,,RB,,,,N,,,,10,1,,,,XB,RBOB,cpg
Flat,RB,,,,RB,,,,Q,,,,10,1,,,,XB,RBOB,cpg
Flat,RB,,,,RB,,,,U,,,,10,1,,,,XB,RBOB,cpg
Flat,RB,,,,RB,,,,V,,,,10,1,,,,XB,RBOB,cpg
Flat,RB,,,,RB,,,,X,,,,10,1,,,,XB,RBOB,cpg
Flat,RB,,,,RB,,,,Z,,,,10,1,,,,XB,RBOB,cpg
CrossProduct,#ICENGEM,RB,,,C5,RB,,,F,G,,,8,100,100,,,Cash,C5_RBOB,cpg
CrossProduct,#ICENGEM,RB,,,C5,RB,,,G,H,,,8,100,100,,,Cash,C5_RBOB,cpg
CrossProduct,#ICENGEM,RB,,,C5,RB,,,H,J,,,8,100,100,,,Cash,C5_RBOB,cpg
CrossProduct,#ICENGEM,RB,,,C5,RB,,,J,K,,,8,100,100,,,Cash,C5_RBOB,cpg
CrossProduct,#ICENGEM,RB,,,C5,RB,,,K,M,,,8,100,100,,,Cash,C5_RBOB,cpg
CrossProduct,#ICENGEM,RB,,,C5,RB,,,M,N,,,8,100,100,,,Cash,C5_RBOB,cpg
CrossProduct,#ICENGEM,RB,,,C5,RB,,,N,Q,,,8,100,100,,,Cash,C5_RBOB,cpg
CrossProduct,#ICENGEM,RB,,,C5,RB,,,Q,U,,,8,100,100,,,Cash,C5_RBOB,cpg
CrossProduct,#ICENGEM,RB,,,C5,RB,,,U,V,,,8,100,100,,,Cash,C5_RBOB,cpg
CrossProduct,#ICENGEM,RB,,,C5,RB,,,V,X,,,8,100,100,,,Cash,C5_RBOB,cpg
CrossProduct,#ICENGEM,RB,,,C5,RB,,,X,Z,,,8,100,100,,,Cash,C5_RBOB,cpg
CrossProduct,#ICENGEM,RB,,,C5,RB,,,Z,F,,,8,100,100,,,Cash,C5_RBOB,cpg
CrossProduct,#ICEMF4M,#ICESMTM,,,VLSFO,Mogas,,,F,F,,,3,0.157480315,1,,,HO,VLSFO_MOGAS92_SING,$/BBL
CrossProduct,#ICEMF4M,#ICESMTM,,,VLSFO,Mogas,,,G,G,,,3,0.157480315,1,,,HO,VLSFO_MOGAS92_SING,$/BBL
CrossProduct,#ICEMF4M,#ICESMTM,,,VLSFO,Mogas,,,H,H,,,3,0.157480315,1,,,HO,VLSFO_MOGAS92_SING,$/BBL
CrossProduct,#ICEMF4M,#ICESMTM,,,VLSFO,Mogas,,,J,J,,,3,0.157480315,1,,,HO,VLSFO_MOGAS92_SING,$/BBL
CrossProduct,#ICEMF4M,#ICESMTM,,,VLSFO,Mogas,,,K,K,,,3,0.157480315,1,,,HO,VLSFO_MOGAS92_SING,$/BBL
CrossProduct,#ICEMF4M,#ICESMTM,,,VLSFO,Mogas,,,M,M,,,3,0.157480315,1,,,HO,VLSFO_MOGAS92_SING,$/BBL
CrossProduct,#ICEMF4M,#ICESMTM,,,VLSFO,Mogas,,,N,N,,,3,0.157480315,1,,,HO,VLSFO_MOGAS92_SING,$/BBL
CrossProduct,#ICEMF4M,#ICESMTM,,,VLSFO,Mogas,,,Q,Q,,,3,0.157480315,1,,,HO,VLSFO_MOGAS92_SING,$/BBL
CrossProduct,#ICEMF4M,#ICESMTM,,,VLSFO,Mogas,,,U,U,,,3,0.157480315,1,,,HO,VLSFO_MOGAS92_SING,$/BBL
CrossProduct,#ICEMF4M,#ICESMTM,,,VLSFO,Mogas,,,V,V,,,3,0.157480315,1,,,HO,VLSFO_MOGAS92_SING,$/BBL
CrossProduct,#ICEMF4M,#ICESMTM,,,VLSFO,Mogas,,,X,X,,,3,0.157480315,1,,,HO,VLSFO_MOGAS92_SING,$/BBL
CrossProduct,#ICEMF4M,#ICESMTM,,,VLSFO,Mogas,,,Z,Z,,,3,0.157480315,1,,,HO,VLSFO_MOGAS92_SING,$/BBL
CrossProduct,#ICEMF1M,#ICERBOM,,,VLSFO,HSFO,,,F,F,,,3,1,1,,,HO,VLSFO_HSFO_USGC,$/BBL
CrossProduct,#ICEMF1M,#ICERBOM,,,VLSFO,HSFO,,,G,G,,,3,1,1,,,HO,VLSFO_HSFO_USGC,$/BBL
CrossProduct,#ICEMF1M,#ICERBOM,,,VLSFO,HSFO,,,H,H,,,3,1,1,,,HO,VLSFO_HSFO_USGC,$/BBL
CrossProduct,#ICEMF1M,#ICERBOM,,,VLSFO,HSFO,,,J,J,,,3,1,1,,,HO,VLSFO_HSFO_USGC,$/BBL
CrossProduct,#ICEMF1M,#ICERBOM,,,VLSFO,HSFO,,,K,K,,,3,1,1,,,HO,VLSFO_HSFO_USGC,$/BBL
CrossProduct,#ICEMF1M,#ICERBOM,,,VLSFO,HSFO,,,M,M,,,3,1,1,,,HO,VLSFO_HSFO_USGC,$/BBL
CrossProduct,#ICEMF1M,#ICERBOM,,,VLSFO,HSFO,,,N,N,,,3,1,1,,,HO,VLSFO_HSFO_USGC,$/BBL
CrossProduct,#ICEMF1M,#ICERBOM,,,VLSFO,HSFO,,,Q,Q,,,3,1,1,,,HO,VLSFO_HSFO_USGC,$/BBL
CrossProduct,#ICEMF1M,#ICERBOM,,,VLSFO,HSFO,,,U,U,,,3,1,1,,,HO,VLSFO_HSFO_USGC,$/BBL
CrossProduct,#ICEMF1M,#ICERBOM,,,VLSFO,HSFO,,,V,V,,,3,1,1,,,HO,VLSFO_HSFO_USGC,$/BBL
CrossProduct,#ICEMF1M,#ICERBOM,,,VLSFO,HSFO,,,X,X,,,3,1,1,,,HO,VLSFO_HSFO_USGC,$/BBL
CrossProduct,#ICEMF1M,#ICERBOM,,,VLSFO,HSFO,,,Z,Z,,,3,1,1,,,HO,VLSFO_HSFO_USGC,$/BBL
Crack,#ICERBOM,BRN,,,HSFO,HSFO,,,F,F,,,10,1,1,,,CO,HSFO_CO_USGC,$/BBL
Crack,#ICERBOM,BRN,,,HSFO,CO,,,G,G,,,10,1,1,,,CO,HSFO_CO_USGC,$/BBL
Crack,#ICERBOM,BRN,,,HSFO,CO,,,H,H,,,10,1,1,,,CO,HSFO_CO_USGC,$/BBL
Crack,#ICERBOM,BRN,,,HSFO,CO,,,J,J,,,10,1,1,,,CO,HSFO_CO_USGC,$/BBL
Crack,#ICERBOM,BRN,,,HSFO,CO,,,K,K,,,10,1,1,,,CO,HSFO_CO_USGC,$/BBL
Crack,#ICERBOM,BRN,,,HSFO,CO,,,M,M,,,10,1,1,,,CO,HSFO_CO_USGC,$/BBL
Crack,#ICERBOM,BRN,,,HSFO,CO,,,N,N,,,10,1,1,,,CO,HSFO_CO_USGC,$/BBL
Crack,#ICERBOM,BRN,,,HSFO,CO,,,Q,Q,,,10,1,1,,,CO,HSFO_CO_USGC,$/BBL
Crack,#ICERBOM,BRN,,,HSFO,CO,,,U,U,,,10,1,1,,,CO,HSFO_CO_USGC,$/BBL
Crack,#ICERBOM,BRN,,,HSFO,CO,,,V,V,,,10,1,1,,,CO,HSFO_CO_USGC,$/BBL
Crack,#ICERBOM,BRN,,,HSFO,CO,,,X,X,,,10,1,1,,,CO,HSFO_CO_USGC,$/BBL
Crack,#ICERBOM,BRN,,,HSFO,CO,,,Z,Z,,,10,1,1,,,CO,HSFO_CO_USGC,$/BBL
Timing,#ICENGEM,#ICENGEM,,,C5,C5,,,F,G,,,8,100,100,,,Cash,C5,cpg
Timing,#ICENGEM,#ICENGEM,,,C5,C5,,,G,H,,,8,100,100,,,Cash,C5,cpg
Timing,#ICENGEM,#ICENGEM,,,C5,C5,,,H,J,,,8,100,100,,,Cash,C5,cpg
Timing,#ICENGEM,#ICENGEM,,,C5,C5,,,J,K,,,8,100,100,,,Cash,C5,cpg
Timing,#ICENGEM,#ICENGEM,,,C5,C5,,,K,M,,,8,100,100,,,Cash,C5,cpg
Timing,#ICENGEM,#ICENGEM,,,C5,C5,,,M,N,,,8,100,100,,,Cash,C5,cpg
Timing,#ICENGEM,#ICENGEM,,,C5,C5,,,N,Q,,,8,100,100,,,Cash,C5,cpg
Timing,#ICENGEM,#ICENGEM,,,C5,C5,,,Q,U,,,8,100,100,,,Cash,C5,cpg
Timing,#ICENGEM,#ICENGEM,,,C5,C5,,,U,V,,,8,100,100,,,Cash,C5,cpg
Timing,#ICENGEM,#ICENGEM,,,C5,C5,,,V,X,,,8,100,100,,,Cash,C5,cpg
Timing,#ICENGEM,#ICENGEM,,,C5,C5,,,X,Z,,,8,100,100,,,Cash,C5,cpg
Timing,#ICENGEM,#ICENGEM,,,C5,C5,,,Z,F,,,8,100,100,,,Cash,C5,cpg
Timing,#ICENGEM,#ICENGEM,,,C5,C5,,,M,Z,,,8,100,100,,,Cash,C5,cpg
Timing,#ICENGEM,#ICENGEM,,,C5,C5,,,Z,M,,,8,100,100,,,Cash,C5,cpg
Crack,#ICENBAM,#BRGCSBRTM,,,NWE_Nap,CO,,,F,F,,,5,1,1,,,Cash,NWE_NAP_CO,$/BBL
Crack,#ICENBAM,#BRGCSBRTM,,,NWE_Nap,CO,,,G,G,,,5,1,1,,,Cash,NWE_NAP_CO,$/BBL
Crack,#ICENBAM,#BRGCSBRTM,,,NWE_Nap,CO,,,H,H,,,5,1,1,,,Cash,NWE_NAP_CO,$/BBL
Crack,#ICENBAM,#BRGCSBRTM,,,NWE_Nap,CO,,,J,J,,,5,1,1,,,Cash,NWE_NAP_CO,$/BBL
Crack,#ICENBAM,#BRGCSBRTM,,,NWE_Nap,CO,,,K,K,,,5,1,1,,,Cash,NWE_NAP_CO,$/BBL
Crack,#ICENBAM,#BRGCSBRTM,,,NWE_Nap,CO,,,M,M,,,5,1,1,,,Cash,NWE_NAP_CO,$/BBL
Crack,#ICENBAM,#BRGCSBRTM,,,NWE_Nap,CO,,,N,N,,,5,1,1,,,Cash,NWE_NAP_CO,$/BBL
Crack,#ICENBAM,#BRGCSBRTM,,,NWE_Nap,CO,,,Q,Q,,,5,1,1,,,Cash,NWE_NAP_CO,$/BBL
Crack,#ICENBAM,#BRGCSBRTM,,,NWE_Nap,CO,,,U,U,,,5,1,1,,,Cash,NWE_NAP_CO,$/BBL
Crack,#ICENBAM,#BRGCSBRTM,,,NWE_Nap,CO,,,V,V,,,5,1,1,,,Cash,NWE_NAP_CO,$/BBL
Crack,#ICENBAM,#BRGCSBRTM,,,NWE_Nap,CO,,,X,X,,,5,1,1,,,Cash,NWE_NAP_CO,$/BBL
Crack,#ICENBAM,#BRGCSBRTM,,,NWE_Nap,CO,,,Z,Z,,,5,1,1,,,Cash,NWE_NAP_CO,$/BBL
Timing,#ICENBAM,#ICENBAM,,,NWE_Nap,NWE_Nap,,,F,G,,,8,8.9,8.9,,,Cash,NWE_Nap,$/MT
Timing,#ICENBAM,#ICENBAM,,,NWE_Nap,NWE_Nap,,,G,H,,,8,8.9,8.9,,,Cash,NWE_Nap,$/MT
Timing,#ICENBAM,#ICENBAM,,,NWE_Nap,NWE_Nap,,,H,J,,,8,8.9,8.9,,,Cash,NWE_Nap,$/MT
Timing,#ICENBAM,#ICENBAM,,,NWE_Nap,NWE_Nap,,,J,K,,,8,8.9,8.9,,,Cash,NWE_Nap,$/MT
Timing,#ICENBAM,#ICENBAM,,,NWE_Nap,NWE_Nap,,,K,M,,,8,8.9,8.9,,,Cash,NWE_Nap,$/MT
Timing,#ICENBAM,#ICENBAM,,,NWE_Nap,NWE_Nap,,,M,N,,,8,8.9,8.9,,,Cash,NWE_Nap,$/MT
Timing,#ICENBAM,#ICENBAM,,,NWE_Nap,NWE_Nap,,,N,Q,,,8,8.9,8.9,,,Cash,NWE_Nap,$/MT
Timing,#ICENBAM,#ICENBAM,,,NWE_Nap,NWE_Nap,,,Q,U,,,8,8.9,8.9,,,Cash,NWE_Nap,$/MT
Timing,#ICENBAM,#ICENBAM,,,NWE_Nap,NWE_Nap,,,U,V,,,8,8.9,8.9,,,Cash,NWE_Nap,$/MT
Timing,#ICENBAM,#ICENBAM,,,NWE_Nap,NWE_Nap,,,V,X,,,8,8.9,8.9,,,Cash,NWE_Nap,$/MT
Timing,#ICENBAM,#ICENBAM,,,NWE_Nap,NWE_Nap,,,X,Z,,,8,8.9,8.9,,,Cash,NWE_Nap,$/MT
Timing,#ICENBAM,#ICENBAM,,,NWE_Nap,NWE_Nap,,,Z,F,,,8,8.9,8.9,,,Cash,NWE_Nap,$/MT
Timing,#ICENBAM,#ICENBAM,,,NWE_Nap,NWE_Nap,,,M,Z,,,8,8.9,8.9,,,Cash,NWE_Nap,$/MT
Timing,#ICENBAM,#ICENBAM,,,NWE_Nap,NWE_Nap,,,Z,M,,,8,8.9,8.9,,,Cash,NWE_Nap,$/MT
Crack,#ICENBCM,#BRGCSBRTM,,,C5,CO,,,F,F,,,5,42,1,,,Cash,C5_CO,$/BBL
Crack,#ICENBCM,#BRGCSBRTM,,,C5,CO,,,G,G,,,5,42,1,,,Cash,C5_CO,$/BBL
Crack,#ICENBCM,#BRGCSBRTM,,,C5,CO,,,H,H,,,5,42,1,,,Cash,C5_CO,$/BBL
Crack,#ICENBCM,#BRGCSBRTM,,,C5,CO,,,J,J,,,5,42,1,,,Cash,C5_CO,$/BBL
Crack,#ICENBCM,#BRGCSBRTM,,,C5,CO,,,K,K,,,5,42,1,,,Cash,C5_CO,$/BBL
Crack,#ICENBCM,#BRGCSBRTM,,,C5,CO,,,M,M,,,5,42,1,,,Cash,C5_CO,$/BBL
Crack,#ICENBCM,#BRGCSBRTM,,,C5,CO,,,N,N,,,5,42,1,,,Cash,C5_CO,$/BBL
Crack,#ICENBCM,#BRGCSBRTM,,,C5,CO,,,Q,Q,,,5,42,1,,,Cash,C5_CO,$/BBL
Crack,#ICENBCM,#BRGCSBRTM,,,C5,CO,,,U,U,,,5,42,1,,,Cash,C5_CO,$/BBL
Crack,#ICENBCM,#BRGCSBRTM,,,C5,CO,,,V,V,,,5,42,1,,,Cash,C5_CO,$/BBL
Crack,#ICENBCM,#BRGCSBRTM,,,C5,CO,,,X,X,,,5,42,1,,,Cash,C5_CO,$/BBL
Crack,#ICENBCM,#BRGCSBRTM,,,C5,CO,,,Z,Z,,,5,42,1,,,Cash,C5_CO,$/BBL
Timing,#ICENGEM,#ICENGEM,,,C5,C5,,,Q,Z,,,8,100,100,,,Cash,C5,cpg
Timing,RB,RB,,,RB,RB,,,M,U,,,10,100,100,,,XB,RBOB,cpg
Diff,#ICEEONM,,,,GasNap,,,,F,,,,8,1,1,,,Cash,GasNap,$/MT
Diff,#ICEEONM,,,,GasNap,,,,G,,,,8,1,1,,,Cash,GasNap,$/MT
Diff,#ICEEONM,,,,GasNap,,,,H,,,,8,1,1,,,Cash,GasNap,$/MT
Diff,#ICEEONM,,,,GasNap,,,,J,,,,8,1,1,,,Cash,GasNap,$/MT
Diff,#ICEEONM,,,,GasNap,,,,K,,,,8,1,1,,,Cash,GasNap,$/MT
Diff,#ICEEONM,,,,GasNap,,,,M,,,,8,1,1,,,Cash,GasNap,$/MT
Diff,#ICEEONM,,,,GasNap,,,,N,,,,8,1,1,,,Cash,GasNap,$/MT
Diff,#ICEEONM,,,,GasNap,,,,Q,,,,8,1,1,,,Cash,GasNap,$/MT
Diff,#ICEEONM,,,,GasNap,,,,U,,,,8,1,1,,,Cash,GasNap,$/MT
Diff,#ICEEONM,,,,GasNap,,,,V,,,,8,1,1,,,Cash,GasNap,$/MT
Diff,#ICEEONM,,,,GasNap,,,,X,,,,8,1,1,,,Cash,GasNap,$/MT
Diff,#ICEEONM,,,,GasNap,,,,Z,,,,8,1,1,,,Cash,GasNap,$/MT
Fly,RB,RB,RB,RB,RB1,RB2,RB3,RB4,Q,Z,Z,H,10,100,100,100,100,XB,RB,cpg
Timing,HO,HO,,,HO,HO,,,Z,H,,,10,100,100,,,HO,HO,cpg
Arb,#ICERBOM,#ICEBARM,,,USGC_HSFO,NWE_HSFO,,,F,F,,,5,1,0.157480315,,,HO,USGC_NWE_HSFO,$/BBL
Arb,#ICERBOM,#ICEBARM,,,USGC_HSFO,NWE_HSFO,,,G,G,,,5,1,0.157480315,,,HO,USGC_NWE_HSFO,$/BBL
Arb,#ICERBOM,#ICEBARM,,,USGC_HSFO,NWE_HSFO,,,H,H,,,5,1,0.157480315,,,HO,USGC_NWE_HSFO,$/BBL
Arb,#ICERBOM,#ICEBARM,,,USGC_HSFO,NWE_HSFO,,,J,J,,,5,1,0.157480315,,,HO,USGC_NWE_HSFO,$/BBL
Arb,#ICERBOM,#ICEBARM,,,USGC_HSFO,NWE_HSFO,,,K,K,,,5,1,0.157480315,,,HO,USGC_NWE_HSFO,$/BBL
Arb,#ICERBOM,#ICEBARM,,,USGC_HSFO,NWE_HSFO,,,M,M,,,5,1,0.157480315,,,HO,USGC_NWE_HSFO,$/BBL
Arb,#ICERBOM,#ICEBARM,,,USGC_HSFO,NWE_HSFO,,,N,N,,,5,1,0.157480315,,,HO,USGC_NWE_HSFO,$/BBL
Arb,#ICERBOM,#ICEBARM,,,USGC_HSFO,NWE_HSFO,,,Q,Q,,,5,1,0.157480315,,,HO,USGC_NWE_HSFO,$/BBL
Arb,#ICERBOM,#ICEBARM,,,USGC_HSFO,NWE_HSFO,,,U,U,,,5,1,0.157480315,,,HO,USGC_NWE_HSFO,$/BBL
Arb,#ICERBOM,#ICEBARM,,,USGC_HSFO,NWE_HSFO,,,V,V,,,5,1,0.157480315,,,HO,USGC_NWE_HSFO,$/BBL
Arb,#ICERBOM,#ICEBARM,,,USGC_HSFO,NWE_HSFO,,,X,X,,,5,1,0.157480315,,,HO,USGC_NWE_HSFO,$/BBL
Arb,#ICERBOM,#ICEBARM,,,USGC_HSFO,NWE_HSFO,,,Z,Z,,,5,1,0.157480315,,,HO,USGC_NWE_HSFO,$/BBL
Crack,#ICENBAM,#BRGCSBRTM,,,NWE_Nap,CO,,,F,F,,,5,1,1,,,Cash,NWE_NAP_CO,$/BBL
Crack,#ICENBAM,#BRGCSBRTM,,,NWE_Nap,CO,,,G,G,,,5,1,1,,,Cash,NWE_NAP_CO,$/BBL
Crack,#ICENBAM,#BRGCSBRTM,,,NWE_Nap,CO,,,H,H,,,5,1,1,,,Cash,NWE_NAP_CO,$/BBL
Crack,#ICENBAM,#BRGCSBRTM,,,NWE_Nap,CO,,,J,J,,,5,1,1,,,Cash,NWE_NAP_CO,$/BBL
Crack,#ICENBAM,#BRGCSBRTM,,,NWE_Nap,CO,,,K,K,,,5,1,1,,,Cash,NWE_NAP_CO,$/BBL
Crack,#ICENBAM,#BRGCSBRTM,,,NWE_Nap,CO,,,M,M,,,5,1,1,,,Cash,NWE_NAP_CO,$/BBL
Crack,#ICENBAM,#BRGCSBRTM,,,NWE_Nap,CO,,,N,N,,,5,1,1,,,Cash,NWE_NAP_CO,$/BBL
Crack,#ICENBAM,#BRGCSBRTM,,,NWE_Nap,CO,,,Q,Q,,,5,1,1,,,Cash,NWE_NAP_CO,$/BBL
Crack,#ICENBAM,#BRGCSBRTM,,,NWE_Nap,CO,,,U,U,,,5,1,1,,,Cash,NWE_NAP_CO,$/BBL
Crack,#ICENBAM,#BRGCSBRTM,,,NWE_Nap,CO,,,V,V,,,5,1,1,,,Cash,NWE_NAP_CO,$/BBL
Crack,#ICENBAM,#BRGCSBRTM,,,NWE_Nap,CO,,,X,X,,,5,1,1,,,Cash,NWE_NAP_CO,$/BBL
Crack,#ICENBAM,#BRGCSBRTM,,,NWE_Nap,CO,,,Z,Z,,,5,1,1,,,Cash,NWE_NAP_CO,$/BBL
Crack,#ICENBCM,#BRGCSBRTM,,,C5,CO,,,F,F,,,5,42,1,,,Cash,C5_CO,$/BBL
Crack,#ICENBCM,#BRGCSBRTM,,,C5,CO,,,G,G,,,5,42,1,,,Cash,C5_CO,$/BBL
Crack,#ICENBCM,#BRGCSBRTM,,,C5,CO,,,H,H,,,5,42,1,,,Cash,C5_CO,$/BBL
Crack,#ICENBCM,#BRGCSBRTM,,,C5,CO,,,J,J,,,5,42,1,,,Cash,C5_CO,$/BBL
Crack,#ICENBCM,#BRGCSBRTM,,,C5,CO,,,K,K,,,5,42,1,,,Cash,C5_CO,$/BBL
Crack,#ICENBCM,#BRGCSBRTM,,,C5,CO,,,M,M,,,5,42,1,,,Cash,C5_CO,$/BBL
Crack,#ICENBCM,#BRGCSBRTM,,,C5,CO,,,N,N,,,5,42,1,,,Cash,C5_CO,$/BBL
Crack,#ICENBCM,#BRGCSBRTM,,,C5,CO,,,Q,Q,,,5,42,1,,,Cash,C5_CO,$/BBL
Crack,#ICENBCM,#BRGCSBRTM,,,C5,CO,,,U,U,,,5,42,1,,,Cash,C5_CO,$/BBL
Crack,#ICENBCM,#BRGCSBRTM,,,C5,CO,,,V,V,,,5,42,1,,,Cash,C5_CO,$/BBL
Crack,#ICENBCM,#BRGCSBRTM,,,C5,CO,,,X,X,,,5,42,1,,,Cash,C5_CO,$/BBL
Crack,#ICENBCM,#BRGCSBRTM,,,C5,CO,,,Z,Z,,,5,42,1,,,Cash,C5_CO,$/BBL
CrossProduct,#ICENBAM,#ICENBCM,,,NWE_Nap,C5,,,F,F,,,5,42,1,,,HO,C5_Nap,$/BBL
CrossProduct,#ICENBAM,#ICENBCM,,,NWE_Nap,C5,,,G,G,,,5,42,1,,,HO,C5_Nap,$/BBL
CrossProduct,#ICENBAM,#ICENBCM,,,NWE_Nap,C5,,,H,H,,,5,42,1,,,HO,C5_Nap,$/BBL
CrossProduct,#ICENBAM,#ICENBCM,,,NWE_Nap,C5,,,J,J,,,5,42,1,,,HO,C5_Nap,$/BBL
CrossProduct,#ICENBAM,#ICENBCM,,,NWE_Nap,C5,,,K,K,,,5,42,1,,,HO,C5_Nap,$/BBL
CrossProduct,#ICENBAM,#ICENBCM,,,NWE_Nap,C5,,,M,M,,,5,42,1,,,HO,C5_Nap,$/BBL
CrossProduct,#ICENBAM,#ICENBCM,,,NWE_Nap,C5,,,N,N,,,5,42,1,,,HO,C5_Nap,$/BBL
CrossProduct,#ICENBAM,#ICENBCM,,,NWE_Nap,C5,,,Q,Q,,,5,42,1,,,HO,C5_Nap,$/BBL
CrossProduct,#ICENBAM,#ICENBCM,,,NWE_Nap,C5,,,U,U,,,5,42,1,,,HO,C5_Nap,$/BBL
CrossProduct,#ICENBAM,#ICENBCM,,,NWE_Nap,C5,,,V,V,,,5,42,1,,,HO,C5_Nap,$/BBL
CrossProduct,#ICENBAM,#ICENBCM,,,NWE_Nap,C5,,,X,X,,,5,42,1,,,HO,C5_Nap,$/BBL
CrossProduct,#ICENBAM,#ICENBCM,,,NWE_Nap,C5,,,Z,Z,,,5,42,1,,,HO,C5_Nap,$/BBL
Timing,HO,HO,,,HO,HO,,,U,Z,,,10,100,100,,,HO,HO,cpg
Timing,#ICERBOM,#ICERBOM,,,USGC_HSFO,USGC_HSFO,,,F,G,,,6,1,1,,,HO,USGC_HSFO,$/BBL
Timing,#ICERBOM,#ICERBOM,,,USGC_HSFO,USGC_HSFO,,,G,H,,,6,1,1,,,HO,USGC_HSFO,$/BBL
Timing,#ICERBOM,#ICERBOM,,,USGC_HSFO,USGC_HSFO,,,H,J,,,6,1,1,,,HO,USGC_HSFO,$/BBL
Timing,#ICERBOM,#ICERBOM,,,USGC_HSFO,USGC_HSFO,,,J,K,,,6,1,1,,,HO,USGC_HSFO,$/BBL
Timing,#ICERBOM,#ICERBOM,,,USGC_HSFO,USGC_HSFO,,,K,M,,,6,1,1,,,HO,USGC_HSFO,$/BBL
Timing,#ICERBOM,#ICERBOM,,,USGC_HSFO,USGC_HSFO,,,M,N,,,6,1,1,,,HO,USGC_HSFO,$/BBL
Timing,#ICERBOM,#ICERBOM,,,USGC_HSFO,USGC_HSFO,,,N,Q,,,6,1,1,,,HO,USGC_HSFO,$/BBL
Timing,#ICERBOM,#ICERBOM,,,USGC_HSFO,USGC_HSFO,,,Q,U,,,6,1,1,,,HO,USGC_HSFO,$/BBL
Timing,#ICERBOM,#ICERBOM,,,USGC_HSFO,USGC_HSFO,,,U,V,,,6,1,1,,,HO,USGC_HSFO,$/BBL
Timing,#ICERBOM,#ICERBOM,,,USGC_HSFO,USGC_HSFO,,,V,X,,,6,1,1,,,HO,USGC_HSFO,$/BBL
Timing,#ICERBOM,#ICERBOM,,,USGC_HSFO,USGC_HSFO,,,X,Z,,,6,1,1,,,HO,USGC_HSFO,$/BBL
Timing,#ICERBOM,#ICERBOM,,,USGC_HSFO,USGC_HSFO,,,Z,F,,,6,1,1,,,HO,USGC_HSFO,$/BBL
Timing,#ICERBOM,#ICERBOM,,,USGC_HSFO,USGC_HSFO,,,M,Z,,,6,1,1,,,HO,USGC_HSFO,$/BBL
Timing,#ICERBOM,#ICERBOM,,,USGC_HSFO,USGC_HSFO,,,Z,M,,,6,1,1,,,HO,USGC_HSFO,$/BBL
CrossProduct,#ICEAFEM,#ICENJCM,,,Asia_Prop,Asia_Nap,,,F,F,,,6,1,1,,,HO,ProNapAsia,$/MT
CrossProduct,#ICEAFEM,#ICENJCM,,,Asia_Prop,Asia_Nap,,,G,G,,,6,1,1,,,HO,ProNapAsia,$/MT
CrossProduct,#ICEAFEM,#ICENJCM,,,Asia_Prop,Asia_Nap,,,H,H,,,6,1,1,,,HO,ProNapAsia,$/MT
CrossProduct,#ICEAFEM,#ICENJCM,,,Asia_Prop,Asia_Nap,,,J,J,,,6,1,1,,,HO,ProNapAsia,$/MT
CrossProduct,#ICEAFEM,#ICENJCM,,,Asia_Prop,Asia_Nap,,,K,K,,,6,1,1,,,HO,ProNapAsia,$/MT
CrossProduct,#ICEAFEM,#ICENJCM,,,Asia_Prop,Asia_Nap,,,M,M,,,6,1,1,,,HO,ProNapAsia,$/MT
CrossProduct,#ICEAFEM,#ICENJCM,,,Asia_Prop,Asia_Nap,,,N,N,,,6,1,1,,,HO,ProNapAsia,$/MT
CrossProduct,#ICEAFEM,#ICENJCM,,,Asia_Prop,Asia_Nap,,,Q,Q,,,6,1,1,,,HO,ProNapAsia,$/MT
CrossProduct,#ICEAFEM,#ICENJCM,,,Asia_Prop,Asia_Nap,,,U,U,,,6,1,1,,,HO,ProNapAsia,$/MT
CrossProduct,#ICEAFEM,#ICENJCM,,,Asia_Prop,Asia_Nap,,,V,V,,,6,1,1,,,HO,ProNapAsia,$/MT
CrossProduct,#ICEAFEM,#ICENJCM,,,Asia_Prop,Asia_Nap,,,X,X,,,6,1,1,,,HO,ProNapAsia,$/MT
CrossProduct,#ICEAFEM,#ICENJCM,,,Asia_Prop,Asia_Nap,,,Z,Z,,,6,1,1,,,HO,ProNapAsia,$/MT
Diff,#ICEGDKM,,,,EW_Gas,,,,F,,,,8,1,,,,Cash,EW_Gas,$/BBL
Diff,#ICEGDKM,,,,EW_Gas,,,,G,,,,8,1,,,,Cash,EW_Gas,$/BBL
Diff,#ICEGDKM,,,,EW_Gas,,,,H,,,,8,1,,,,Cash,EW_Gas,$/BBL
Diff,#ICEGDKM,,,,EW_Gas,,,,J,,,,8,1,,,,Cash,EW_Gas,$/BBL
Diff,#ICEGDKM,,,,EW_Gas,,,,K,,,,8,1,,,,Cash,EW_Gas,$/BBL
Diff,#ICEGDKM,,,,EW_Gas,,,,M,,,,8,1,,,,Cash,EW_Gas,$/BBL
Diff,#ICEGDKM,,,,EW_Gas,,,,N,,,,8,1,,,,Cash,EW_Gas,$/BBL
Diff,#ICEGDKM,,,,EW_Gas,,,,Q,,,,8,1,,,,Cash,EW_Gas,$/BBL
Diff,#ICEGDKM,,,,EW_Gas,,,,U,,,,8,1,,,,Cash,EW_Gas,$/BBL
Diff,#ICEGDKM,,,,EW_Gas,,,,V,,,,8,1,,,,Cash,EW_Gas,$/BBL
Diff,#ICEGDKM,,,,EW_Gas,,,,X,,,,8,1,,,,Cash,EW_Gas,$/BBL
Diff,#ICEGDKM,,,,EW_Gas,,,,Z,,,,8,1,,,,Cash,EW_Gas,$/BBL
Flat,#ICEWF5M,,,,TD25,,,,F,,,,5,1,,,,Cash,TD25,$/MT
Flat,#ICEWF5M,,,,TD25,,,,G,,,,5,1,,,,Cash,TD25,$/MT
Flat,#ICEWF5M,,,,TD25,,,,H,,,,5,1,,,,Cash,TD25,$/MT
Flat,#ICEWF5M,,,,TD25,,,,J,,,,5,1,,,,Cash,TD25,$/MT
Flat,#ICEWF5M,,,,TD25,,,,K,,,,5,1,,,,Cash,TD25,$/MT
Flat,#ICEWF5M,,,,TD25,,,,M,,,,5,1,,,,Cash,TD25,$/MT
Flat,#ICEWF5M,,,,TD25,,,,N,,,,5,1,,,,Cash,TD25,$/MT
Flat,#ICEWF5M,,,,TD25,,,,Q,,,,5,1,,,,Cash,TD25,$/MT
Flat,#ICEWF5M,,,,TD25,,,,U,,,,5,1,,,,Cash,TD25,$/MT
Flat,#ICEWF5M,,,,TD25,,,,V,,,,5,1,,,,Cash,TD25,$/MT
Flat,#ICEWF5M,,,,TD25,,,,X,,,,5,1,,,,Cash,TD25,$/MT
Flat,#ICEWF5M,,,,TD25,,,,Z,,,,5,1,,,,Cash,TD25,$/MT
Timing,#ICEWF5M,#ICEWF5M,,,TD25,TD25,,,F,G,,,5,1,1,,,Cash,TD25,$/MT
Timing,#ICEWF5M,#ICEWF5M,,,TD25,TD25,,,G,H,,,5,1,1,,,Cash,TD25,$/MT
Timing,#ICEWF5M,#ICEWF5M,,,TD25,TD25,,,H,J,,,5,1,1,,,Cash,TD25,$/MT
Timing,#ICEWF5M,#ICEWF5M,,,TD25,TD25,,,J,K,,,5,1,1,,,Cash,TD25,$/MT
Timing,#ICEWF5M,#ICEWF5M,,,TD25,TD25,,,K,M,,,5,1,1,,,Cash,TD25,$/MT
Timing,#ICEWF5M,#ICEWF5M,,,TD25,TD25,,,M,N,,,5,1,1,,,Cash,TD25,$/MT
Timing,#ICEWF5M,#ICEWF5M,,,TD25,TD25,,,N,Q,,,5,1,1,,,Cash,TD25,$/MT
Timing,#ICEWF5M,#ICEWF5M,,,TD25,TD25,,,Q,U,,,5,1,1,,,Cash,TD25,$/MT
Timing,#ICEWF5M,#ICEWF5M,,,TD25,TD25,,,U,V,,,5,1,1,,,Cash,TD25,$/MT
Timing,#ICEWF5M,#ICEWF5M,,,TD25,TD25,,,V,X,,,5,1,1,,,Cash,TD25,$/MT
Timing,#ICEWF5M,#ICEWF5M,,,TD25,TD25,,,X,Z,,,5,1,1,,,Cash,TD25,$/MT
Timing,#ICEWF5M,#ICEWF5M,,,TD25,TD25,,,Z,F,,,5,1,1,,,Cash,TD25,$/MT
Timing,#ICEWF5M,#ICEWF5M,,,TD25,TD25,,,M,Z,,,5,1,1,,,Cash,TD25,$/MT
Timing,#ICEWF5M,#ICEWF5M,,,TD25,TD25,,,Z,M,,,5,1,1,,,Cash,TD25,$/MT
CrossProduct,#ICEWF5M,#ICETDLM,,,TD25,TD3,,,F,F,,,5,1,1,,,Cash,TD25_TD3,$/MT
CrossProduct,#ICEWF5M,#ICETDLM,,,TD25,TD3,,,G,G,,,5,1,1,,,Cash,TD25_TD3,$/MT
CrossProduct,#ICEWF5M,#ICETDLM,,,TD25,TD3,,,H,H,,,5,1,1,,,Cash,TD25_TD3,$/MT
CrossProduct,#ICEWF5M,#ICETDLM,,,TD25,TD3,,,J,J,,,5,1,1,,,Cash,TD25_TD3,$/MT
CrossProduct,#ICEWF5M,#ICETDLM,,,TD25,TD3,,,K,K,,,5,1,1,,,Cash,TD25_TD3,$/MT
CrossProduct,#ICEWF5M,#ICETDLM,,,TD25,TD3,,,M,M,,,5,1,1,,,Cash,TD25_TD3,$/MT
CrossProduct,#ICEWF5M,#ICETDLM,,,TD25,TD3,,,N,N,,,5,1,1,,,Cash,TD25_TD3,$/MT
CrossProduct,#ICEWF5M,#ICETDLM,,,TD25,TD3,,,Q,Q,,,5,1,1,,,Cash,TD25_TD3,$/MT
CrossProduct,#ICEWF5M,#ICETDLM,,,TD25,TD3,,,U,U,,,5,1,1,,,Cash,TD25_TD3,$/MT
CrossProduct,#ICEWF5M,#ICETDLM,,,TD25,TD3,,,V,V,,,5,1,1,,,Cash,TD25_TD3,$/MT
CrossProduct,#ICEWF5M,#ICETDLM,,,TD25,TD3,,,X,X,,,5,1,1,,,Cash,TD25_TD3,$/MT
CrossProduct,#ICEWF5M,#ICETDLM,,,TD25,TD3,,,Z,Z,,,5,1,1,,,Cash,TD25_TD3,$/MT
CrossProduct,#ICEWF5M,#ICETDCICFM,,,TD25,TD20,,,F,F,,,0,1,1,,,Cash,TD25_TD20,$/MT
CrossProduct,#ICEWF5M,#ICETDCICFM,,,TD25,TD20,,,G,G,,,0,1,1,,,Cash,TD25_TD20,$/MT
CrossProduct,#ICEWF5M,#ICETDCICFM,,,TD25,TD20,,,H,H,,,0,1,1,,,Cash,TD25_TD20,$/MT
CrossProduct,#ICEWF5M,#ICETDCICFM,,,TD25,TD20,,,J,J,,,0,1,1,,,Cash,TD25_TD20,$/MT
CrossProduct,#ICEWF5M,#ICETDCICFM,,,TD25,TD20,,,K,K,,,0,1,1,,,Cash,TD25_TD20,$/MT
CrossProduct,#ICEWF5M,#ICETDCICFM,,,TD25,TD20,,,M,M,,,0,1,1,,,Cash,TD25_TD20,$/MT
CrossProduct,#ICEWF5M,#ICETDCICFM,,,TD25,TD20,,,N,N,,,0,1,1,,,Cash,TD25_TD20,$/MT
CrossProduct,#ICEWF5M,#ICETDCICFM,,,TD25,TD20,,,Q,Q,,,0,1,1,,,Cash,TD25_TD20,$/MT
CrossProduct,#ICEWF5M,#ICETDCICFM,,,TD25,TD20,,,U,U,,,0,1,1,,,Cash,TD25_TD20,$/MT
CrossProduct,#ICEWF5M,#ICETDCICFM,,,TD25,TD20,,,V,V,,,0,1,1,,,Cash,TD25_TD20,$/MT
CrossProduct,#ICEWF5M,#ICETDCICFM,,,TD25,TD20,,,X,X,,,0,1,1,,,Cash,TD25_TD20,$/MT
CrossProduct,#ICEWF5M,#ICETDCICFM,,,TD25,TD20,,,Z,Z,,,0,1,1,,,Cash,TD25_TD20,$/MT
Arb,#ICENJCM,#ICENECM,,,MOPJ_Nap,NWE_Nap,,,F,F,,,10,1,1,,,Cash,EW_Nap,$/MT
Arb,#ICENJCM,#ICENECM,,,MOPJ_Nap,NWE_Nap,,,G,G,,,10,1,1,,,Cash,EW_Nap,$/MT
Arb,#ICENJCM,#ICENECM,,,MOPJ_Nap,NWE_Nap,,,H,H,,,10,1,1,,,Cash,EW_Nap,$/MT
Arb,#ICENJCM,#ICENECM,,,MOPJ_Nap,NWE_Nap,,,J,J,,,10,1,1,,,Cash,EW_Nap,$/MT
Arb,#ICENJCM,#ICENECM,,,MOPJ_Nap,NWE_Nap,,,K,K,,,10,1,1,,,Cash,EW_Nap,$/MT
Arb,#ICENJCM,#ICENECM,,,MOPJ_Nap,NWE_Nap,,,M,M,,,10,1,1,,,Cash,EW_Nap,$/MT
Arb,#ICENJCM,#ICENECM,,,MOPJ_Nap,NWE_Nap,,,N,N,,,10,1,1,,,Cash,EW_Nap,$/MT
Arb,#ICENJCM,#ICENECM,,,MOPJ_Nap,NWE_Nap,,,Q,Q,,,10,1,1,,,Cash,EW_Nap,$/MT
Arb,#ICENJCM,#ICENECM,,,MOPJ_Nap,NWE_Nap,,,U,U,,,10,1,1,,,Cash,EW_Nap,$/MT
Arb,#ICENJCM,#ICENECM,,,MOPJ_Nap,NWE_Nap,,,V,V,,,10,1,1,,,Cash,EW_Nap,$/MT
Arb,#ICENJCM,#ICENECM,,,MOPJ_Nap,NWE_Nap,,,X,X,,,10,1,1,,,Cash,EW_Nap,$/MT
Arb,#ICENJCM,#ICENECM,,,MOPJ_Nap,NWE_Nap,,,Z,Z,,,10,1,1,,,Cash,EW_Nap,$/MT
Crack,#ICENJCM,#ICEIM,,,MOPJ_Nap,Brn,,,F,F,,,10,0.112359551,1,,,Cash,MOPJ_Brn,$/BBL
Crack,#ICENJCM,#ICEIM,,,MOPJ_Nap,Brn,,,G,G,,,10,0.112359551,1,,,Cash,MOPJ_Brn,$/BBL
Crack,#ICENJCM,#ICEIM,,,MOPJ_Nap,Brn,,,H,H,,,10,0.112359551,1,,,Cash,MOPJ_Brn,$/BBL
Crack,#ICENJCM,#ICEIM,,,MOPJ_Nap,Brn,,,J,J,,,10,0.112359551,1,,,Cash,MOPJ_Brn,$/BBL
Crack,#ICENJCM,#ICEIM,,,MOPJ_Nap,Brn,,,K,K,,,10,0.112359551,1,,,Cash,MOPJ_Brn,$/BBL
Crack,#ICENJCM,#ICEIM,,,MOPJ_Nap,Brn,,,M,M,,,10,0.112359551,1,,,Cash,MOPJ_Brn,$/BBL
Crack,#ICENJCM,#ICEIM,,,MOPJ_Nap,Brn,,,N,N,,,10,0.112359551,1,,,Cash,MOPJ_Brn,$/BBL
Crack,#ICENJCM,#ICEIM,,,MOPJ_Nap,Brn,,,Q,Q,,,10,0.112359551,1,,,Cash,MOPJ_Brn,$/BBL
Crack,#ICENJCM,#ICEIM,,,MOPJ_Nap,Brn,,,U,U,,,10,0.112359551,1,,,Cash,MOPJ_Brn,$/BBL
Crack,#ICENJCM,#ICEIM,,,MOPJ_Nap,Brn,,,V,V,,,10,0.112359551,1,,,Cash,MOPJ_Brn,$/BBL
Crack,#ICENJCM,#ICEIM,,,MOPJ_Nap,Brn,,,X,X,,,10,0.112359551,1,,,Cash,MOPJ_Brn,$/BBL
Crack,#ICENJCM,#ICEIM,,,MOPJ_Nap,Brn,,,Z,Z,,,10,0.112359551,1,,,Cash,MOPJ_Brn,$/BBL
Diff,#ICESMCM,,,,Sing_97_92,,,,F,F,,,10,1,,,,Cash,Sing_97_92,$/BBL
Diff,#ICESMCM,,,,Sing_97_92,,,,G,G,,,10,1,,,,Cash,Sing_97_92,$/BBL
Diff,#ICESMCM,,,,Sing_97_92,,,,H,H,,,10,1,,,,Cash,Sing_97_92,$/BBL
Diff,#ICESMCM,,,,Sing_97_92,,,,J,J,,,10,1,,,,Cash,Sing_97_92,$/BBL
Diff,#ICESMCM,,,,Sing_97_92,,,,K,K,,,10,1,,,,Cash,Sing_97_92,$/BBL
Diff,#ICESMCM,,,,Sing_97_92,,,,M,M,,,10,1,,,,Cash,Sing_97_92,$/BBL
Diff,#ICESMCM,,,,Sing_97_92,,,,N,N,,,10,1,,,,Cash,Sing_97_92,$/BBL
Diff,#ICESMCM,,,,Sing_97_92,,,,Q,Q,,,10,1,,,,Cash,Sing_97_92,$/BBL
Diff,#ICESMCM,,,,Sing_97_92,,,,U,U,,,10,1,,,,Cash,Sing_97_92,$/BBL
Diff,#ICESMCM,,,,Sing_97_92,,,,V,V,,,10,1,,,,Cash,Sing_97_92,$/BBL
Diff,#ICESMCM,,,,Sing_97_92,,,,X,X,,,10,1,,,,Cash,Sing_97_92,$/BBL
Diff,#ICESMCM,,,,Sing_97_92,,,,Z,Z,,,10,1,,,,Cash,Sing_97_92,$/BBL
Timing,#ICEBARM,#ICEBARM,,,NWE_HSFO,NWE_HSFO,,,F,G,,,10,1,1,,,Cash,NWE_HSFO,$/MT
Timing,#ICEBARM,#ICEBARM,,,NWE_HSFO,NWE_HSFO,,,G,H,,,10,1,1,,,Cash,NWE_HSFO,$/MT
Timing,#ICEBARM,#ICEBARM,,,NWE_HSFO,NWE_HSFO,,,H,J,,,10,1,1,,,Cash,NWE_HSFO,$/MT
Timing,#ICEBARM,#ICEBARM,,,NWE_HSFO,NWE_HSFO,,,J,K,,,10,1,1,,,Cash,NWE_HSFO,$/MT
Timing,#ICEBARM,#ICEBARM,,,NWE_HSFO,NWE_HSFO,,,K,M,,,10,1,1,,,Cash,NWE_HSFO,$/MT
Timing,#ICEBARM,#ICEBARM,,,NWE_HSFO,NWE_HSFO,,,M,N,,,10,1,1,,,Cash,NWE_HSFO,$/MT
Timing,#ICEBARM,#ICEBARM,,,NWE_HSFO,NWE_HSFO,,,N,Q,,,10,1,1,,,Cash,NWE_HSFO,$/MT
Timing,#ICEBARM,#ICEBARM,,,NWE_HSFO,NWE_HSFO,,,Q,U,,,10,1,1,,,Cash,NWE_HSFO,$/MT
Timing,#ICEBARM,#ICEBARM,,,NWE_HSFO,NWE_HSFO,,,U,V,,,10,1,1,,,Cash,NWE_HSFO,$/MT
Timing,#ICEBARM,#ICEBARM,,,NWE_HSFO,NWE_HSFO,,,V,X,,,10,1,1,,,Cash,NWE_HSFO,$/MT
Timing,#ICEBARM,#ICEBARM,,,NWE_HSFO,NWE_HSFO,,,X,Z,,,10,1,1,,,Cash,NWE_HSFO,$/MT
Timing,#ICEBARM,#ICEBARM,,,NWE_HSFO,NWE_HSFO,,,Z,F,,,10,1,1,,,Cash,NWE_HSFO,$/MT
Timing,#ICEBARM,#ICEBARM,,,NWE_HSFO,NWE_HSFO,,,M,Z,,,10,1,1,,,Cash,NWE_HSFO,$/MT
Timing,#ICEBARM,#ICEBARM,,,NWE_HSFO,NWE_HSFO,,,Z,M,,,10,1,1,,,Cash,NWE_HSFO,$/MT
Timing,#ICEBARM,#ICEBARM,,,NWE_HSFO,NWE_HSFO,,,M,U,,,10,1,1,,,Cash,NWE_HSFO,$/MT
Timing,#ICESYSM,#ICESYSM,,,Sing_HSFO,Sing_HSFO,,,F,G,,,10,1,1,,,Cash,Sing_HSFO,$/MT
Timing,#ICESYSM,#ICESYSM,,,Sing_HSFO,Sing_HSFO,,,G,H,,,10,1,1,,,Cash,Sing_HSFO,$/MT
Timing,#ICESYSM,#ICESYSM,,,Sing_HSFO,Sing_HSFO,,,H,J,,,10,1,1,,,Cash,Sing_HSFO,$/MT
Timing,#ICESYSM,#ICESYSM,,,Sing_HSFO,Sing_HSFO,,,J,K,,,10,1,1,,,Cash,Sing_HSFO,$/MT
Timing,#ICESYSM,#ICESYSM,,,Sing_HSFO,Sing_HSFO,,,K,M,,,10,1,1,,,Cash,Sing_HSFO,$/MT
Timing,#ICESYSM,#ICESYSM,,,Sing_HSFO,Sing_HSFO,,,M,N,,,10,1,1,,,Cash,Sing_HSFO,$/MT
Timing,#ICESYSM,#ICESYSM,,,Sing_HSFO,Sing_HSFO,,,N,Q,,,10,1,1,,,Cash,Sing_HSFO,$/MT
Timing,#ICESYSM,#ICESYSM,,,Sing_HSFO,Sing_HSFO,,,Q,U,,,10,1,1,,,Cash,Sing_HSFO,$/MT
Timing,#ICESYSM,#ICESYSM,,,Sing_HSFO,Sing_HSFO,,,U,V,,,10,1,1,,,Cash,Sing_HSFO,$/MT
Timing,#ICESYSM,#ICESYSM,,,Sing_HSFO,Sing_HSFO,,,V,X,,,10,1,1,,,Cash,Sing_HSFO,$/MT
Timing,#ICESYSM,#ICESYSM,,,Sing_HSFO,Sing_HSFO,,,X,Z,,,10,1,1,,,Cash,Sing_HSFO,$/MT
Timing,#ICESYSM,#ICESYSM,,,Sing_HSFO,Sing_HSFO,,,Z,F,,,10,1,1,,,Cash,Sing_HSFO,$/MT
Timing,#ICESYSM,#ICESYSM,,,Sing_HSFO,Sing_HSFO,,,M,Z,,,10,1,1,,,Cash,Sing_HSFO,$/MT
Timing,#ICESYSM,#ICESYSM,,,Sing_HSFO,Sing_HSFO,,,Z,M,,,10,1,1,,,Cash,Sing_HSFO,$/MT
Timing,#ICESYSM,#ICESYSM,,,Sing_HSFO,Sing_HSFO,,,M,U,,,10,1,1,,,Cash,Sing_HSFO,$/MT
Box,#ICEBARM,#ICEBARM,#ICEIM,#ICEIM,NWE_HSFO,NWE_HSFO,BRN,BRN,M,U,M,U,10,0.157480315,0.157480315,1,1,Cash,NWE_HSFO_BRN,$/BBL
Box,#ICESYSM,#ICESYSM,#ICEIM,#ICEIM,Sing_HSFO,Sing_HSFO,BRN,BRN,M,U,M,U,10,0.157480315,0.157480315,1,1,Cash,Sing_HSFO_BRN,$/BBL
Box,#ICERBOM,#ICERBOM,#ICEIM,#ICEIM,USGC_HSFO,USGC_HSFO,BRN,BRN,M,U,M,U,10,1,1,1,1,Cash,USGC_HSFO_BRN,$/BBL
